Song,Artist,Date,Song ID,Streams,Rank
Shape of You,Ed Sheeran,2017-01-06,7qiZfU4dY1lWllzX7mPBI3,"1,588",1
Chantaje (feat. Maluma),Shakira,2017-01-06,6mICuAdrwEjh6Y6lroV2Kg,"1,489",2
Rockabye (feat. Sean Paul & Anne-Marie),Clean Bandit,2017-01-06,5knuzwU65gJK7IF5yJsuaW,"1,357",3
Starboy,"The Weeknd, Daft Punk",2017-01-06,5aAx2yezTd8zXrkmtKl66Z,"1,099",4
Castle on the Hill,Ed Sheeran,2017-01-06,6PCUP3dWmTjcTtXY02oFdT,"1,040",5
Reggaetón Lento (Bailemos),CNCO,2017-01-06,3AEZUABDXNtecAOSC1qTfo,"1,022",6
Shape of You,Ed Sheeran,2017-01-13,7qiZfU4dY1lWllzX7mPBI3,"2,088",1
Chantaje (feat. Maluma),Shakira,2017-01-13,6mICuAdrwEjh6Y6lroV2Kg,"1,568",2
Rockabye (feat. Sean Paul & Anne-Marie),Clean Bandit,2017-01-13,5knuzwU65gJK7IF5yJsuaW,"1,436",3
Despacito (Featuring Daddy Yankee),Luis Fonsi,2017-01-13,4aWmUDTfIPGksMNLV2rQP2,"1,230",4
Reggaetón Lento (Bailemos),CNCO,2017-01-13,3AEZUABDXNtecAOSC1qTfo,"1,179",5
Starboy,"The Weeknd, Daft Punk",2017-01-13,5aAx2yezTd8zXrkmtKl66Z,"1,174",6
Castle on the Hill,Ed Sheeran,2017-01-13,6PCUP3dWmTjcTtXY02oFdT,"1,144",7
Despacito (Featuring Daddy Yankee),Luis Fonsi,2017-01-20,4aWmUDTfIPGksMNLV2rQP2,"3,236",1
Shape of You,Ed Sheeran,2017-01-20,7qiZfU4dY1lWllzX7mPBI3,"2,307",2
Chantaje (feat. Maluma),Shakira,2017-01-20,6mICuAdrwEjh6Y6lroV2Kg,"1,777",3
Rockabye (feat. Sean Paul & Anne-Marie),Clean Bandit,2017-01-20,5knuzwU65gJK7IF5yJsuaW,"1,555",4
Reggaetón Lento (Bailemos),CNCO,2017-01-20,3AEZUABDXNtecAOSC1qTfo,"1,331",5
Starboy,"The Weeknd, Daft Punk",2017-01-20,5aAx2yezTd8zXrkmtKl66Z,"1,214",6
Paris,The Chainsmokers,2017-01-20,72jbDTw1piOOj770jWNeaG,"1,196",7
Castle on the Hill,Ed Sheeran,2017-01-20,6PCUP3dWmTjcTtXY02oFdT,"1,195",8
Safari,"J Balvin, Pharrell Williams, BIA, Sky",2017-01-20,6rQSrBHf7HlZjtcMZ4S4bO,"1,073",9
"I Don’t Wanna Live Forever (Fifty Shades Darker) - From ""Fifty Shades Darker (Original Motion Picture Soundtrack)""","ZAYN, Taylor Swift",2017-01-20,3NdDpSvN911VPGivFlV5d0,"1,069",10
Despacito (Featuring Daddy Yankee),Luis Fonsi,2017-01-27,4aWmUDTfIPGksMNLV2rQP2,"4,466",1
Shape of You,Ed Sheeran,2017-01-27,7qiZfU4dY1lWllzX7mPBI3,"2,620",2
Chantaje (feat. Maluma),Shakira,2017-01-27,6mICuAdrwEjh6Y6lroV2Kg,"1,774",3
Rockabye (feat. Sean Paul & Anne-Marie),Clean Bandit,2017-01-27,5knuzwU65gJK7IF5yJsuaW,"1,596",4
Reggaetón Lento (Bailemos),CNCO,2017-01-27,3AEZUABDXNtecAOSC1qTfo,"1,388",5
"I Don’t Wanna Live Forever (Fifty Shades Darker) - From ""Fifty Shades Darker (Original Motion Picture Soundtrack)""","ZAYN, Taylor Swift",2017-01-27,3NdDpSvN911VPGivFlV5d0,"1,285",6
Paris,The Chainsmokers,2017-01-27,72jbDTw1piOOj770jWNeaG,"1,165",7
Castle on the Hill,Ed Sheeran,2017-01-27,6PCUP3dWmTjcTtXY02oFdT,"1,162",8
Despacito (Featuring Daddy Yankee),Luis Fonsi,2017-02-03,4aWmUDTfIPGksMNLV2rQP2,"4,552",1
Shape of You,Ed Sheeran,2017-02-03,7qiZfU4dY1lWllzX7mPBI3,"2,661",2
Chantaje (feat. Maluma),Shakira,2017-02-03,6mICuAdrwEjh6Y6lroV2Kg,"1,803",3
Reggaetón Lento (Bailemos),CNCO,2017-02-03,3AEZUABDXNtecAOSC1qTfo,"1,555",4
Rockabye (feat. Sean Paul & Anne-Marie),Clean Bandit,2017-02-03,5knuzwU65gJK7IF5yJsuaW,"1,532",5
Paris,The Chainsmokers,2017-02-03,72jbDTw1piOOj770jWNeaG,"1,311",6
"I Don’t Wanna Live Forever (Fifty Shades Darker) - From ""Fifty Shades Darker (Original Motion Picture Soundtrack)""","ZAYN, Taylor Swift",2017-02-03,3NdDpSvN911VPGivFlV5d0,"1,296",7
Castle on the Hill,Ed Sheeran,2017-02-03,6PCUP3dWmTjcTtXY02oFdT,"1,202",8
El Amante,Nicky Jam,2017-02-03,3umS4y3uQDkqekNjVpiRUs,"1,079",9
Safari,"J Balvin, Pharrell Williams, BIA, Sky",2017-02-03,6rQSrBHf7HlZjtcMZ4S4bO,"1,021",10
Despacito (Featuring Daddy Yankee),Luis Fonsi,2017-02-10,4aWmUDTfIPGksMNLV2rQP2,"4,325",1
Shape of You,Ed Sheeran,2017-02-10,7qiZfU4dY1lWllzX7mPBI3,"2,774",2
Reggaetón Lento (Bailemos),CNCO,2017-02-10,3AEZUABDXNtecAOSC1qTfo,"1,652",3
"I Don’t Wanna Live Forever (Fifty Shades Darker) - From ""Fifty Shades Darker (Original Motion Picture Soundtrack)""","ZAYN, Taylor Swift",2017-02-10,3NdDpSvN911VPGivFlV5d0,"1,628",4
Chantaje (feat. Maluma),Shakira,2017-02-10,6mICuAdrwEjh6Y6lroV2Kg,"1,571",5
Paris,The Chainsmokers,2017-02-10,72jbDTw1piOOj770jWNeaG,"1,401",6
Rockabye (feat. Sean Paul & Anne-Marie),Clean Bandit,2017-02-10,5knuzwU65gJK7IF5yJsuaW,"1,385",7
El Amante,Nicky Jam,2017-02-10,3umS4y3uQDkqekNjVpiRUs,"1,231",8
Castle on the Hill,Ed Sheeran,2017-02-10,6PCUP3dWmTjcTtXY02oFdT,"1,153",9
Scared to Be Lonely,"Martin Garrix, Dua Lipa",2017-02-10,3ebXMykcMXOcLeJ9xZ17XH,"1,108",10
Despacito (Featuring Daddy Yankee),Luis Fonsi,2017-02-17,4aWmUDTfIPGksMNLV2rQP2,"3,961",1
Shape of You,Ed Sheeran,2017-02-17,7qiZfU4dY1lWllzX7mPBI3,"3,006",2
"I Don’t Wanna Live Forever (Fifty Shades Darker) - From ""Fifty Shades Darker (Original Motion Picture Soundtrack)""","ZAYN, Taylor Swift",2017-02-17,3NdDpSvN911VPGivFlV5d0,"1,795",3
Reggaetón Lento (Bailemos),CNCO,2017-02-17,3AEZUABDXNtecAOSC1qTfo,"1,564",4
Chantaje (feat. Maluma),Shakira,2017-02-17,6mICuAdrwEjh6Y6lroV2Kg,"1,554",5
Paris,The Chainsmokers,2017-02-17,72jbDTw1piOOj770jWNeaG,"1,481",6
Rockabye (feat. Sean Paul & Anne-Marie),Clean Bandit,2017-02-17,5knuzwU65gJK7IF5yJsuaW,"1,453",7
Scared to Be Lonely,"Martin Garrix, Dua Lipa",2017-02-17,3ebXMykcMXOcLeJ9xZ17XH,"1,312",8
Chained To The Rhythm,"Katy Perry, Skip Marley",2017-02-17,6520aj0B4FSKGVuKNsOCOi,"1,234",9
El Amante,Nicky Jam,2017-02-17,3umS4y3uQDkqekNjVpiRUs,"1,221",10
Castle on the Hill,Ed Sheeran,2017-02-17,6PCUP3dWmTjcTtXY02oFdT,"1,135",11
I Feel It Coming,"The Weeknd, Daft Punk",2017-02-17,5GXAXm5YOmYT0kL5jHvYBt,"1,101",12
It Ain't Me (with Selena Gomez),Kygo,2017-02-17,3eR23VReFzcdmS7TYCrhCe,"1,044",13
Call On Me - Ryan Riback Extended Remix,Starley,2017-02-17,78rIJddV4X0HkNAInEcYde,"1,017",14
Despacito (Featuring Daddy Yankee),Luis Fonsi,2017-02-24,4aWmUDTfIPGksMNLV2rQP2,"3,846",1
Shape of You,Ed Sheeran,2017-02-24,7qiZfU4dY1lWllzX7mPBI3,"2,665",2
"I Don’t Wanna Live Forever (Fifty Shades Darker) - From ""Fifty Shades Darker (Original Motion Picture Soundtrack)""","ZAYN, Taylor Swift",2017-02-24,3NdDpSvN911VPGivFlV5d0,"1,631",3
SUBEME LA RADIO (feat. Descemer Bueno & Zion & Lennox),Enrique Iglesias,2017-02-24,7nKBxz47S9SD79N086fuhn,"1,519",4
Chantaje (feat. Maluma),Shakira,2017-02-24,6mICuAdrwEjh6Y6lroV2Kg,"1,481",5
Paris,The Chainsmokers,2017-02-24,72jbDTw1piOOj770jWNeaG,"1,471",6
Something Just Like This,"The Chainsmokers, Coldplay",2017-02-24,6RUKPb4LETWmmr3iAEQktW,"1,445",7
Rockabye (feat. Sean Paul & Anne-Marie),Clean Bandit,2017-02-24,5knuzwU65gJK7IF5yJsuaW,"1,414",8
Reggaetón Lento (Bailemos),CNCO,2017-02-24,3AEZUABDXNtecAOSC1qTfo,"1,396",9
Chained To The Rhythm,"Katy Perry, Skip Marley",2017-02-24,6520aj0B4FSKGVuKNsOCOi,"1,350",10
El Amante,Nicky Jam,2017-02-24,3umS4y3uQDkqekNjVpiRUs,"1,319",11
Scared to Be Lonely,"Martin Garrix, Dua Lipa",2017-02-24,3ebXMykcMXOcLeJ9xZ17XH,"1,285",12
It Ain't Me (with Selena Gomez),Kygo,2017-02-24,3eR23VReFzcdmS7TYCrhCe,"1,282",13
Castle on the Hill,Ed Sheeran,2017-02-24,6PCUP3dWmTjcTtXY02oFdT,"1,028",14
Call On Me - Ryan Riback Extended Remix,Starley,2017-02-24,78rIJddV4X0HkNAInEcYde,"1,024",15
I Feel It Coming,"The Weeknd, Daft Punk",2017-02-24,5GXAXm5YOmYT0kL5jHvYBt,"1,012",16
Despacito (Featuring Daddy Yankee),Luis Fonsi,2017-03-03,4aWmUDTfIPGksMNLV2rQP2,"3,427",1
Shape of You,Ed Sheeran,2017-03-03,7qiZfU4dY1lWllzX7mPBI3,"2,870",2
SUBEME LA RADIO (feat. Descemer Bueno & Zion & Lennox),Enrique Iglesias,2017-03-03,7nKBxz47S9SD79N086fuhn,"1,956",3
It Ain't Me (with Selena Gomez),Kygo,2017-03-03,3eR23VReFzcdmS7TYCrhCe,"1,752",4
Paris,The Chainsmokers,2017-03-03,72jbDTw1piOOj770jWNeaG,"1,576",5
"I Don’t Wanna Live Forever (Fifty Shades Darker) - From ""Fifty Shades Darker (Original Motion Picture Soundtrack)""","ZAYN, Taylor Swift",2017-03-03,3NdDpSvN911VPGivFlV5d0,"1,515",6
Something Just Like This,"The Chainsmokers, Coldplay",2017-03-03,6RUKPb4LETWmmr3iAEQktW,"1,443",7
Chantaje (feat. Maluma),Shakira,2017-03-03,6mICuAdrwEjh6Y6lroV2Kg,"1,348",8
Chained To The Rhythm,"Katy Perry, Skip Marley",2017-03-03,6520aj0B4FSKGVuKNsOCOi,"1,343",9
Castle on the Hill,Ed Sheeran,2017-03-03,6PCUP3dWmTjcTtXY02oFdT,"1,332",10
Scared to Be Lonely,"Martin Garrix, Dua Lipa",2017-03-03,3ebXMykcMXOcLeJ9xZ17XH,"1,308",11
Reggaetón Lento (Bailemos),CNCO,2017-03-03,3AEZUABDXNtecAOSC1qTfo,"1,286",12
Rockabye (feat. Sean Paul & Anne-Marie),Clean Bandit,2017-03-03,5knuzwU65gJK7IF5yJsuaW,"1,258",13
El Amante,Nicky Jam,2017-03-03,3umS4y3uQDkqekNjVpiRUs,"1,254",14
Call On Me - Ryan Riback Extended Remix,Starley,2017-03-03,78rIJddV4X0HkNAInEcYde,"1,036",15
Despacito (Featuring Daddy Yankee),Luis Fonsi,2017-03-10,4aWmUDTfIPGksMNLV2rQP2,"3,545",1
Shape of You,Ed Sheeran,2017-03-10,7qiZfU4dY1lWllzX7mPBI3,"2,814",2
SUBEME LA RADIO (feat. Descemer Bueno & Zion & Lennox),Enrique Iglesias,2017-03-10,7nKBxz47S9SD79N086fuhn,"2,100",3
It Ain't Me (with Selena Gomez),Kygo,2017-03-10,3eR23VReFzcdmS7TYCrhCe,"1,799",4
Something Just Like This,"The Chainsmokers, Coldplay",2017-03-10,6RUKPb4LETWmmr3iAEQktW,"1,626",5
Paris,The Chainsmokers,2017-03-10,72jbDTw1piOOj770jWNeaG,"1,502",6
"I Don’t Wanna Live Forever (Fifty Shades Darker) - From ""Fifty Shades Darker (Original Motion Picture Soundtrack)""","ZAYN, Taylor Swift",2017-03-10,3NdDpSvN911VPGivFlV5d0,"1,456",7
Chantaje (feat. Maluma),Shakira,2017-03-10,6mICuAdrwEjh6Y6lroV2Kg,"1,331",8
Chained To The Rhythm,"Katy Perry, Skip Marley",2017-03-10,6520aj0B4FSKGVuKNsOCOi,"1,317",9
El Amante,Nicky Jam,2017-03-10,3umS4y3uQDkqekNjVpiRUs,"1,315",10
Scared to Be Lonely,"Martin Garrix, Dua Lipa",2017-03-10,3ebXMykcMXOcLeJ9xZ17XH,"1,246",11
Reggaetón Lento (Bailemos),CNCO,2017-03-10,3AEZUABDXNtecAOSC1qTfo,"1,202",12
Rockabye (feat. Sean Paul & Anne-Marie),Clean Bandit,2017-03-10,5knuzwU65gJK7IF5yJsuaW,"1,156",13
Castle on the Hill,Ed Sheeran,2017-03-10,6PCUP3dWmTjcTtXY02oFdT,"1,089",14
Call On Me - Ryan Riback Extended Remix,Starley,2017-03-10,78rIJddV4X0HkNAInEcYde,"1,088",15
Despacito (Featuring Daddy Yankee),Luis Fonsi,2017-03-17,4aWmUDTfIPGksMNLV2rQP2,"3,451",1
Shape of You,Ed Sheeran,2017-03-17,7qiZfU4dY1lWllzX7mPBI3,"2,648",2
SUBEME LA RADIO (feat. Descemer Bueno & Zion & Lennox),Enrique Iglesias,2017-03-17,7nKBxz47S9SD79N086fuhn,"2,115",3
It Ain't Me (with Selena Gomez),Kygo,2017-03-17,3eR23VReFzcdmS7TYCrhCe,"1,871",4
Something Just Like This,"The Chainsmokers, Coldplay",2017-03-17,6RUKPb4LETWmmr3iAEQktW,"1,687",5
"I Don’t Wanna Live Forever (Fifty Shades Darker) - From ""Fifty Shades Darker (Original Motion Picture Soundtrack)""","ZAYN, Taylor Swift",2017-03-17,3NdDpSvN911VPGivFlV5d0,"1,393",6
Chained To The Rhythm,"Katy Perry, Skip Marley",2017-03-17,6520aj0B4FSKGVuKNsOCOi,"1,303",7
Paris,The Chainsmokers,2017-03-17,72jbDTw1piOOj770jWNeaG,"1,276",8
Rockabye (feat. Sean Paul & Anne-Marie),Clean Bandit,2017-03-17,5knuzwU65gJK7IF5yJsuaW,"1,197",9
Reggaetón Lento (Bailemos),CNCO,2017-03-17,3AEZUABDXNtecAOSC1qTfo,"1,164",10
Scared to Be Lonely,"Martin Garrix, Dua Lipa",2017-03-17,3ebXMykcMXOcLeJ9xZ17XH,"1,138",11
El Amante,Nicky Jam,2017-03-17,3umS4y3uQDkqekNjVpiRUs,"1,086",12
Call On Me - Ryan Riback Extended Remix,Starley,2017-03-17,78rIJddV4X0HkNAInEcYde,"1,075",13
Chantaje (feat. Maluma),Shakira,2017-03-17,6mICuAdrwEjh6Y6lroV2Kg,"1,018",14
Despacito (Featuring Daddy Yankee),Luis Fonsi,2017-03-24,4aWmUDTfIPGksMNLV2rQP2,"2,901",1
Shape of You,Ed Sheeran,2017-03-24,7qiZfU4dY1lWllzX7mPBI3,"2,405",2
SUBEME LA RADIO (feat. Descemer Bueno & Zion & Lennox),Enrique Iglesias,2017-03-24,7nKBxz47S9SD79N086fuhn,"2,037",3
It Ain't Me (with Selena Gomez),Kygo,2017-03-24,3eR23VReFzcdmS7TYCrhCe,"1,998",4
Something Just Like This,"The Chainsmokers, Coldplay",2017-03-24,6RUKPb4LETWmmr3iAEQktW,"1,593",5
Scared to Be Lonely,"Martin Garrix, Dua Lipa",2017-03-24,3ebXMykcMXOcLeJ9xZ17XH,"1,190",6
Paris,The Chainsmokers,2017-03-24,72jbDTw1piOOj770jWNeaG,"1,100",7
Rockabye (feat. Sean Paul & Anne-Marie),Clean Bandit,2017-03-24,5knuzwU65gJK7IF5yJsuaW,"1,090",8
"I Don’t Wanna Live Forever (Fifty Shades Darker) - From ""Fifty Shades Darker (Original Motion Picture Soundtrack)""","ZAYN, Taylor Swift",2017-03-24,3NdDpSvN911VPGivFlV5d0,"1,088",9
You Don't Know Me - Radio Edit,"Jax Jones, RAYE",2017-03-24,00lNx0OcTJrS3MKHcB80HY,"1,054",10
Chained To The Rhythm,"Katy Perry, Skip Marley",2017-03-24,6520aj0B4FSKGVuKNsOCOi,"1,040",11
Despacito (Featuring Daddy Yankee),Luis Fonsi,2017-03-31,4aWmUDTfIPGksMNLV2rQP2,"2,642",1
Shape of You,Ed Sheeran,2017-03-31,7qiZfU4dY1lWllzX7mPBI3,"2,489",2
SUBEME LA RADIO (feat. Descemer Bueno & Zion & Lennox),Enrique Iglesias,2017-03-31,7nKBxz47S9SD79N086fuhn,"1,935",3
It Ain't Me (with Selena Gomez),Kygo,2017-03-31,3eR23VReFzcdmS7TYCrhCe,"1,927",4
Something Just Like This,"The Chainsmokers, Coldplay",2017-03-31,6RUKPb4LETWmmr3iAEQktW,"1,542",5
Paris,The Chainsmokers,2017-03-31,72jbDTw1piOOj770jWNeaG,"1,227",6
Scared to Be Lonely,"Martin Garrix, Dua Lipa",2017-03-31,3ebXMykcMXOcLeJ9xZ17XH,"1,164",7
"I Don’t Wanna Live Forever (Fifty Shades Darker) - From ""Fifty Shades Darker (Original Motion Picture Soundtrack)""","ZAYN, Taylor Swift",2017-03-31,3NdDpSvN911VPGivFlV5d0,"1,142",8
Chained To The Rhythm,"Katy Perry, Skip Marley",2017-03-31,6520aj0B4FSKGVuKNsOCOi,"1,126",9
Rockabye (feat. Sean Paul & Anne-Marie),Clean Bandit,2017-03-31,5knuzwU65gJK7IF5yJsuaW,"1,086",10
You Don't Know Me - Radio Edit,"Jax Jones, RAYE",2017-03-31,00lNx0OcTJrS3MKHcB80HY,"1,082",11
That's What I Like,Bruno Mars,2017-03-31,0KKkJNfGyhkQ5aFogxQAPU,"1,058",12
Stay (with Alessia Cara),Zedd,2017-03-31,0dA2Mk56wEzDgegdC6R17g,"1,038",13
Galway Girl,Ed Sheeran,2017-03-31,0afhq8XCExXpqazXczTSve,"1,038",14
El Amante,Nicky Jam,2017-03-31,3umS4y3uQDkqekNjVpiRUs,"1,033",15
Shape of You,Ed Sheeran,2017-04-07,7qiZfU4dY1lWllzX7mPBI3,"2,559",1
Despacito (Featuring Daddy Yankee),Luis Fonsi,2017-04-07,4aWmUDTfIPGksMNLV2rQP2,"2,555",2
SUBEME LA RADIO (feat. Descemer Bueno & Zion & Lennox),Enrique Iglesias,2017-04-07,7nKBxz47S9SD79N086fuhn,"1,935",3
It Ain't Me (with Selena Gomez),Kygo,2017-04-07,3eR23VReFzcdmS7TYCrhCe,"1,764",4
Something Just Like This,"The Chainsmokers, Coldplay",2017-04-07,6RUKPb4LETWmmr3iAEQktW,"1,690",5
Swalla (feat. Nicki Minaj & Ty Dolla $ign),Jason Derulo,2017-04-07,6kex4EBAj0WHXDKZMEJaaF,"1,239",6
You Don't Know Me - Radio Edit,"Jax Jones, RAYE",2017-04-07,00lNx0OcTJrS3MKHcB80HY,"1,216",7
Paris,The Chainsmokers,2017-04-07,72jbDTw1piOOj770jWNeaG,"1,214",8
That's What I Like,Bruno Mars,2017-04-07,0KKkJNfGyhkQ5aFogxQAPU,"1,151",9
Scared to Be Lonely,"Martin Garrix, Dua Lipa",2017-04-07,3ebXMykcMXOcLeJ9xZ17XH,"1,125",10
Symphony (feat. Zara Larsson),Clean Bandit,2017-04-07,1x5sYLZiu9r5E43kMlt9f8,"1,061",11
Me Rehúso,Danny Ocean,2017-04-07,6De0lHrwBfPfrhorm9q1Xl,"1,060",12
Chantaje (feat. Maluma),Shakira,2017-04-07,6mICuAdrwEjh6Y6lroV2Kg,"1,049",13
Stay (with Alessia Cara),Zedd,2017-04-07,0dA2Mk56wEzDgegdC6R17g,"1,041",14
El Amante,Nicky Jam,2017-04-07,3umS4y3uQDkqekNjVpiRUs,"1,030",15
Shape of You,Ed Sheeran,2017-04-14,7qiZfU4dY1lWllzX7mPBI3,"2,053",1
Despacito (Featuring Daddy Yankee),Luis Fonsi,2017-04-14,4aWmUDTfIPGksMNLV2rQP2,"1,896",2
SUBEME LA RADIO (feat. Descemer Bueno & Zion & Lennox),Enrique Iglesias,2017-04-14,7nKBxz47S9SD79N086fuhn,"1,512",3
Something Just Like This,"The Chainsmokers, Coldplay",2017-04-14,6RUKPb4LETWmmr3iAEQktW,"1,476",4
It Ain't Me (with Selena Gomez),Kygo,2017-04-14,3eR23VReFzcdmS7TYCrhCe,"1,392",5
Swalla (feat. Nicki Minaj & Ty Dolla $ign),Jason Derulo,2017-04-14,6kex4EBAj0WHXDKZMEJaaF,"1,184",6
That's What I Like,Bruno Mars,2017-04-14,0KKkJNfGyhkQ5aFogxQAPU,"1,027",7
Despacito - Remix,"Luis Fonsi, Daddy Yankee, Justin Bieber",2017-04-14,5CtI0qwDJkDQGwXD1H1cLb,"1,018",8
Paris,The Chainsmokers,2017-04-14,72jbDTw1piOOj770jWNeaG,"1,016",9
Symphony (feat. Zara Larsson),Clean Bandit,2017-04-14,1x5sYLZiu9r5E43kMlt9f8,"1,002",10
You Don't Know Me - Radio Edit,"Jax Jones, RAYE",2017-04-14,00lNx0OcTJrS3MKHcB80HY,"1,001",11
Despacito - Remix,"Luis Fonsi, Daddy Yankee, Justin Bieber",2017-04-21,5CtI0qwDJkDQGwXD1H1cLb,"2,344",1
Shape of You,Ed Sheeran,2017-04-21,7qiZfU4dY1lWllzX7mPBI3,"1,924",2
Despacito (Featuring Daddy Yankee),Luis Fonsi,2017-04-21,4aWmUDTfIPGksMNLV2rQP2,"1,818",3
SUBEME LA RADIO (feat. Descemer Bueno & Zion & Lennox),Enrique Iglesias,2017-04-21,7nKBxz47S9SD79N086fuhn,"1,606",4
It Ain't Me (with Selena Gomez),Kygo,2017-04-21,3eR23VReFzcdmS7TYCrhCe,"1,404",5
Something Just Like This,"The Chainsmokers, Coldplay",2017-04-21,6RUKPb4LETWmmr3iAEQktW,"1,393",6
Me Rehúso,Danny Ocean,2017-04-21,6De0lHrwBfPfrhorm9q1Xl,"1,303",7
Swalla (feat. Nicki Minaj & Ty Dolla $ign),Jason Derulo,2017-04-21,6kex4EBAj0WHXDKZMEJaaF,"1,280",8
Me Enamoré,Shakira,2017-04-21,4qknM1pQz53QOyfDVTjcM9,"1,170",9
Hey Ma (with Pitbull & J Balvin feat. Camila Cabello) - Spanish Version,Pitbull,2017-04-21,2Vdub5mY4lad7w64bFPUez,"1,133",10
Lumbra,"Cali Y El Dandee, Shaggy",2017-04-21,6VHdcVbiKLYYOcMbIqBcuK,"1,080",11
Symphony (feat. Zara Larsson),Clean Bandit,2017-04-21,1x5sYLZiu9r5E43kMlt9f8,"1,038",12
Stay (with Alessia Cara),Zedd,2017-04-21,0dA2Mk56wEzDgegdC6R17g,"1,003",13
Despacito - Remix,"Luis Fonsi, Daddy Yankee, Justin Bieber",2017-04-28,5CtI0qwDJkDQGwXD1H1cLb,"2,398",1
Shape of You,Ed Sheeran,2017-04-28,7qiZfU4dY1lWllzX7mPBI3,"1,871",2
Despacito (Featuring Daddy Yankee),Luis Fonsi,2017-04-28,4aWmUDTfIPGksMNLV2rQP2,"1,653",3
SUBEME LA RADIO (feat. Descemer Bueno & Zion & Lennox),Enrique Iglesias,2017-04-28,7nKBxz47S9SD79N086fuhn,"1,600",4
Me Rehúso,Danny Ocean,2017-04-28,6De0lHrwBfPfrhorm9q1Xl,"1,450",5
Something Just Like This,"The Chainsmokers, Coldplay",2017-04-28,6RUKPb4LETWmmr3iAEQktW,"1,315",6
It Ain't Me (with Selena Gomez),Kygo,2017-04-28,3eR23VReFzcdmS7TYCrhCe,"1,307",7
Swalla (feat. Nicki Minaj & Ty Dolla $ign),Jason Derulo,2017-04-28,6kex4EBAj0WHXDKZMEJaaF,"1,307",8
Me Enamoré,Shakira,2017-04-28,4qknM1pQz53QOyfDVTjcM9,"1,182",9
Symphony (feat. Zara Larsson),Clean Bandit,2017-04-28,1x5sYLZiu9r5E43kMlt9f8,"1,137",10
Hey Ma (with Pitbull & J Balvin feat. Camila Cabello) - Spanish Version,Pitbull,2017-04-28,2Vdub5mY4lad7w64bFPUez,"1,099",11
Felices los 4,Maluma,2017-04-28,0qYTZCo5Bwh1nsUFGZP3zn,"1,078",12
Lumbra,"Cali Y El Dandee, Shaggy",2017-04-28,6VHdcVbiKLYYOcMbIqBcuK,"1,035",13
Despacito - Remix,"Luis Fonsi, Daddy Yankee, Justin Bieber",2017-05-05,5CtI0qwDJkDQGwXD1H1cLb,"2,253",1
Shape of You,Ed Sheeran,2017-05-05,7qiZfU4dY1lWllzX7mPBI3,"1,866",2
Despacito (Featuring Daddy Yankee),Luis Fonsi,2017-05-05,4aWmUDTfIPGksMNLV2rQP2,"1,649",3
Felices los 4,Maluma,2017-05-05,0qYTZCo5Bwh1nsUFGZP3zn,"1,493",4
SUBEME LA RADIO (feat. Descemer Bueno & Zion & Lennox),Enrique Iglesias,2017-05-05,7nKBxz47S9SD79N086fuhn,"1,454",5
Me Rehúso,Danny Ocean,2017-05-05,6De0lHrwBfPfrhorm9q1Xl,"1,327",6
Something Just Like This,"The Chainsmokers, Coldplay",2017-05-05,6RUKPb4LETWmmr3iAEQktW,"1,292",7
It Ain't Me (with Selena Gomez),Kygo,2017-05-05,3eR23VReFzcdmS7TYCrhCe,"1,289",8
Swalla (feat. Nicki Minaj & Ty Dolla $ign),Jason Derulo,2017-05-05,6kex4EBAj0WHXDKZMEJaaF,"1,262",9
Me Enamoré,Shakira,2017-05-05,4qknM1pQz53QOyfDVTjcM9,"1,250",10
Symphony (feat. Zara Larsson),Clean Bandit,2017-05-05,1x5sYLZiu9r5E43kMlt9f8,"1,151",11
Hey Ma (with Pitbull & J Balvin feat. Camila Cabello) - Spanish Version,Pitbull,2017-05-05,2Vdub5mY4lad7w64bFPUez,"1,117",12
"I'm the One (feat. Justin Bieber, Quavo, Chance the Rapper & Lil Wayne)",DJ Khaled,2017-05-05,3DXncPQOG4VBw3QHh3S817,"1,041",13
Despacito - Remix,"Luis Fonsi, Daddy Yankee, Justin Bieber",2017-05-12,5CtI0qwDJkDQGwXD1H1cLb,"2,140",1
Shape of You,Ed Sheeran,2017-05-12,7qiZfU4dY1lWllzX7mPBI3,"1,655",2
Felices los 4,Maluma,2017-05-12,0qYTZCo5Bwh1nsUFGZP3zn,"1,580",3
SUBEME LA RADIO (feat. Descemer Bueno & Zion & Lennox),Enrique Iglesias,2017-05-12,7nKBxz47S9SD79N086fuhn,"1,455",4
Me Rehúso,Danny Ocean,2017-05-12,6De0lHrwBfPfrhorm9q1Xl,"1,401",5
Despacito (Featuring Daddy Yankee),Luis Fonsi,2017-05-12,4aWmUDTfIPGksMNLV2rQP2,"1,396",6
Swalla (feat. Nicki Minaj & Ty Dolla $ign),Jason Derulo,2017-05-12,6kex4EBAj0WHXDKZMEJaaF,"1,287",7
Me Enamoré,Shakira,2017-05-12,4qknM1pQz53QOyfDVTjcM9,"1,268",8
It Ain't Me (with Selena Gomez),Kygo,2017-05-12,3eR23VReFzcdmS7TYCrhCe,"1,147",9
"I'm the One (feat. Justin Bieber, Quavo, Chance the Rapper & Lil Wayne)",DJ Khaled,2017-05-12,3DXncPQOG4VBw3QHh3S817,"1,146",10
Symphony (feat. Zara Larsson),Clean Bandit,2017-05-12,1x5sYLZiu9r5E43kMlt9f8,"1,144",11
Something Just Like This,"The Chainsmokers, Coldplay",2017-05-12,6RUKPb4LETWmmr3iAEQktW,"1,140",12
Hey Ma (with Pitbull & J Balvin feat. Camila Cabello) - Spanish Version,Pitbull,2017-05-12,2Vdub5mY4lad7w64bFPUez,"1,026",13
There's Nothing Holdin' Me Back,Shawn Mendes,2017-05-12,79cuOz3SPQTuFrp8WgftAu,"1,025",14
Despacito - Remix,"Luis Fonsi, Daddy Yankee, Justin Bieber",2017-05-19,5CtI0qwDJkDQGwXD1H1cLb,"2,210",1
Felices los 4,Maluma,2017-05-19,0qYTZCo5Bwh1nsUFGZP3zn,"1,838",2
Shape of You,Ed Sheeran,2017-05-19,7qiZfU4dY1lWllzX7mPBI3,"1,677",3
Me Rehúso,Danny Ocean,2017-05-19,6De0lHrwBfPfrhorm9q1Xl,"1,502",4
Swalla (feat. Nicki Minaj & Ty Dolla $ign),Jason Derulo,2017-05-19,6kex4EBAj0WHXDKZMEJaaF,"1,477",5
SUBEME LA RADIO (feat. Descemer Bueno & Zion & Lennox),Enrique Iglesias,2017-05-19,7nKBxz47S9SD79N086fuhn,"1,399",6
Symphony (feat. Zara Larsson),Clean Bandit,2017-05-19,1x5sYLZiu9r5E43kMlt9f8,"1,392",7
Attention,Charlie Puth,2017-05-19,4iLqG9SeJSnt0cSPICSjxv,"1,297",8
There's Nothing Holdin' Me Back,Shawn Mendes,2017-05-19,79cuOz3SPQTuFrp8WgftAu,"1,287",9
Me Enamoré,Shakira,2017-05-19,4qknM1pQz53QOyfDVTjcM9,"1,271",10
"I'm the One (feat. Justin Bieber, Quavo, Chance the Rapper & Lil Wayne)",DJ Khaled,2017-05-19,3DXncPQOG4VBw3QHh3S817,"1,270",11
Despacito (Featuring Daddy Yankee),Luis Fonsi,2017-05-19,4aWmUDTfIPGksMNLV2rQP2,"1,261",12
It Ain't Me (with Selena Gomez),Kygo,2017-05-19,3eR23VReFzcdmS7TYCrhCe,"1,254",13
Something Just Like This,"The Chainsmokers, Coldplay",2017-05-19,6RUKPb4LETWmmr3iAEQktW,"1,181",14
Hey Ma (with Pitbull & J Balvin feat. Camila Cabello) - Spanish Version,Pitbull,2017-05-19,2Vdub5mY4lad7w64bFPUez,"1,123",15
Felices los 4,Maluma,2017-05-26,0qYTZCo5Bwh1nsUFGZP3zn,"2,013",1
Despacito - Remix,"Luis Fonsi, Daddy Yankee, Justin Bieber",2017-05-26,5CtI0qwDJkDQGwXD1H1cLb,"1,871",2
Me Rehúso,Danny Ocean,2017-05-26,6Zosz8w6CmdGMZM6p4JlbQ,"1,686",3
Shape of You,Ed Sheeran,2017-05-26,7qiZfU4dY1lWllzX7mPBI3,"1,665",4
SUBEME LA RADIO (feat. Descemer Bueno & Zion & Lennox),Enrique Iglesias,2017-05-26,7nKBxz47S9SD79N086fuhn,"1,498",5
Swalla (feat. Nicki Minaj & Ty Dolla $ign),Jason Derulo,2017-05-26,6kex4EBAj0WHXDKZMEJaaF,"1,492",6
Symphony (feat. Zara Larsson),Clean Bandit,2017-05-26,1x5sYLZiu9r5E43kMlt9f8,"1,448",7
Despacito (Featuring Daddy Yankee),Luis Fonsi,2017-05-26,4aWmUDTfIPGksMNLV2rQP2,"1,444",8
There's Nothing Holdin' Me Back,Shawn Mendes,2017-05-26,79cuOz3SPQTuFrp8WgftAu,"1,315",9
Something Just Like This,"The Chainsmokers, Coldplay",2017-05-26,6RUKPb4LETWmmr3iAEQktW,"1,271",10
Me Enamoré,Shakira,2017-05-26,4qknM1pQz53QOyfDVTjcM9,"1,257",11
Attention,Charlie Puth,2017-05-26,4iLqG9SeJSnt0cSPICSjxv,"1,239",12
I'm the One,"DJ Khaled, Justin Bieber, Quavo, Chance the Rapper, Lil Wayne",2017-05-26,72Q0FQQo32KJloivv5xge2,"1,214",13
It Ain't Me (with Selena Gomez),Kygo,2017-05-26,3eR23VReFzcdmS7TYCrhCe,"1,185",14
Malibu,Miley Cyrus,2017-05-26,2habSXqcJGExM6JJyskY7O,"1,033",15
Hey Ma (with Pitbull & J Balvin feat. Camila Cabello) - Spanish Version,Pitbull,2017-05-26,2Vdub5mY4lad7w64bFPUez,"1,029",16
Felices los 4,Maluma,2017-06-02,0qYTZCo5Bwh1nsUFGZP3zn,"2,202",1
Despacito - Remix,"Luis Fonsi, Daddy Yankee, Justin Bieber",2017-06-02,5CtI0qwDJkDQGwXD1H1cLb,"1,835",2
Shape of You,Ed Sheeran,2017-06-02,7qiZfU4dY1lWllzX7mPBI3,"1,520",3
Me Rehúso,Danny Ocean,2017-06-02,6Zosz8w6CmdGMZM6p4JlbQ,"1,480",4
Swalla (feat. Nicki Minaj & Ty Dolla $ign),Jason Derulo,2017-06-02,6kex4EBAj0WHXDKZMEJaaF,"1,359",5
SUBEME LA RADIO (feat. Descemer Bueno & Zion & Lennox),Enrique Iglesias,2017-06-02,7nKBxz47S9SD79N086fuhn,"1,359",6
Despacito (Featuring Daddy Yankee),Luis Fonsi,2017-06-02,4aWmUDTfIPGksMNLV2rQP2,"1,349",7
Symphony (feat. Zara Larsson),Clean Bandit,2017-06-02,1x5sYLZiu9r5E43kMlt9f8,"1,337",8
Attention,Charlie Puth,2017-06-02,4iLqG9SeJSnt0cSPICSjxv,"1,283",9
Me Enamoré,Shakira,2017-06-02,4qknM1pQz53QOyfDVTjcM9,"1,277",10
There's Nothing Holdin' Me Back,Shawn Mendes,2017-06-02,79cuOz3SPQTuFrp8WgftAu,"1,144",11
Something Just Like This,"The Chainsmokers, Coldplay",2017-06-02,6RUKPb4LETWmmr3iAEQktW,"1,117",12
I'm the One,"DJ Khaled, Justin Bieber, Quavo, Chance the Rapper, Lil Wayne",2017-06-02,72Q0FQQo32KJloivv5xge2,"1,087",13
Hey Ma (with Pitbull & J Balvin feat. Camila Cabello) - Spanish Version,Pitbull,2017-06-02,2Vdub5mY4lad7w64bFPUez,"1,038",14
Felices los 4,Maluma,2017-06-09,0qYTZCo5Bwh1nsUFGZP3zn,"2,165",1
Despacito - Remix,"Luis Fonsi, Daddy Yankee, Justin Bieber",2017-06-09,5CtI0qwDJkDQGwXD1H1cLb,"1,882",2
Me Rehúso,Danny Ocean,2017-06-09,6De0lHrwBfPfrhorm9q1Xl,"1,604",3
SUBEME LA RADIO (feat. Descemer Bueno & Zion & Lennox),Enrique Iglesias,2017-06-09,7nKBxz47S9SD79N086fuhn,"1,553",4
Shape of You,Ed Sheeran,2017-06-09,7qiZfU4dY1lWllzX7mPBI3,"1,538",5
Despacito (Featuring Daddy Yankee),Luis Fonsi,2017-06-09,4aWmUDTfIPGksMNLV2rQP2,"1,406",6
Symphony (feat. Zara Larsson),Clean Bandit,2017-06-09,1x5sYLZiu9r5E43kMlt9f8,"1,349",7
2U (feat. Justin Bieber),David Guetta,2017-06-09,3A7qX2QjDlPnazUsRk5y0M,"1,321",8
Me Enamoré,Shakira,2017-06-09,4qknM1pQz53QOyfDVTjcM9,"1,295",9
Swalla (feat. Nicki Minaj & Ty Dolla $ign),Jason Derulo,2017-06-09,6kex4EBAj0WHXDKZMEJaaF,"1,267",10
Attention,Charlie Puth,2017-06-09,4iLqG9SeJSnt0cSPICSjxv,"1,212",11
There's Nothing Holdin' Me Back,Shawn Mendes,2017-06-09,79cuOz3SPQTuFrp8WgftAu,"1,172",12
Something Just Like This,"The Chainsmokers, Coldplay",2017-06-09,6RUKPb4LETWmmr3iAEQktW,"1,162",13
Hey Ma (with Pitbull & J Balvin feat. Camila Cabello) - Spanish Version,Pitbull,2017-06-09,2Vdub5mY4lad7w64bFPUez,"1,115",14
I'm the One,"DJ Khaled, Justin Bieber, Quavo, Chance the Rapper, Lil Wayne",2017-06-09,72Q0FQQo32KJloivv5xge2,"1,070",15
Hey DJ,"CNCO, Yandel",2017-06-09,209gZgcfLq2aUuu51vOWBl,"1,054",16
Ahora Dice,"Chris Jeday, J Balvin, Ozuna, Arcangel",2017-06-09,22eADXu8DfOAUEDw4vU8qy,"1,046",17
Felices los 4,Maluma,2017-06-16,0qYTZCo5Bwh1nsUFGZP3zn,"2,059",1
Despacito - Remix,"Luis Fonsi, Daddy Yankee, Justin Bieber",2017-06-16,5CtI0qwDJkDQGwXD1H1cLb,"1,768",2
Me Rehúso,Danny Ocean,2017-06-16,6De0lHrwBfPfrhorm9q1Xl,"1,600",3
Shape of You,Ed Sheeran,2017-06-16,7qiZfU4dY1lWllzX7mPBI3,"1,505",4
SUBEME LA RADIO (feat. Descemer Bueno & Zion & Lennox),Enrique Iglesias,2017-06-16,7nKBxz47S9SD79N086fuhn,"1,462",5
2U (feat. Justin Bieber),David Guetta,2017-06-16,3A7qX2QjDlPnazUsRk5y0M,"1,454",6
Symphony (feat. Zara Larsson),Clean Bandit,2017-06-16,1x5sYLZiu9r5E43kMlt9f8,"1,360",7
Despacito (Featuring Daddy Yankee),Luis Fonsi,2017-06-16,4aWmUDTfIPGksMNLV2rQP2,"1,336",8
Attention,Charlie Puth,2017-06-16,4iLqG9SeJSnt0cSPICSjxv,"1,309",9
Swalla (feat. Nicki Minaj & Ty Dolla $ign),Jason Derulo,2017-06-16,6kex4EBAj0WHXDKZMEJaaF,"1,252",10
There's Nothing Holdin' Me Back,Shawn Mendes,2017-06-16,79cuOz3SPQTuFrp8WgftAu,"1,231",11
Hey Ma (with Pitbull & J Balvin feat. Camila Cabello) - Spanish Version,Pitbull,2017-06-16,2Vdub5mY4lad7w64bFPUez,"1,162",12
Me Enamoré,Shakira,2017-06-16,4qknM1pQz53QOyfDVTjcM9,"1,113",13
Malibu,Miley Cyrus,2017-06-16,2habSXqcJGExM6JJyskY7O,"1,112",14
Something Just Like This,"The Chainsmokers, Coldplay",2017-06-16,6RUKPb4LETWmmr3iAEQktW,"1,111",15
"I'm the One (feat. Justin Bieber, Quavo, Chance the Rapper & Lil Wayne)",DJ Khaled,2017-06-16,1jYiIOC5d6soxkJP81fxq2,"1,063",16
Hey DJ,"CNCO, Yandel",2017-06-16,209gZgcfLq2aUuu51vOWBl,"1,061",17
Felices los 4,Maluma,2017-06-23,0qYTZCo5Bwh1nsUFGZP3zn,"2,047",1
Despacito - Remix,"Luis Fonsi, Daddy Yankee, Justin Bieber",2017-06-23,5CtI0qwDJkDQGwXD1H1cLb,"1,761",2
Me Rehúso,Danny Ocean,2017-06-23,6De0lHrwBfPfrhorm9q1Xl,"1,715",3
Shape of You,Ed Sheeran,2017-06-23,7qiZfU4dY1lWllzX7mPBI3,"1,496",4
2U (feat. Justin Bieber),David Guetta,2017-06-23,3A7qX2QjDlPnazUsRk5y0M,"1,484",5
SUBEME LA RADIO (feat. Descemer Bueno & Zion & Lennox),Enrique Iglesias,2017-06-23,7nKBxz47S9SD79N086fuhn,"1,370",6
Despacito (Featuring Daddy Yankee),Luis Fonsi,2017-06-23,4aWmUDTfIPGksMNLV2rQP2,"1,305",7
Me Enamoré,Shakira,2017-06-23,4qknM1pQz53QOyfDVTjcM9,"1,257",8
There's Nothing Holdin' Me Back,Shawn Mendes,2017-06-23,79cuOz3SPQTuFrp8WgftAu,"1,246",9
Attention,Charlie Puth,2017-06-23,4iLqG9SeJSnt0cSPICSjxv,"1,187",10
Symphony (feat. Zara Larsson),Clean Bandit,2017-06-23,1x5sYLZiu9r5E43kMlt9f8,"1,157",11
Swalla (feat. Nicki Minaj & Ty Dolla $ign),Jason Derulo,2017-06-23,6kex4EBAj0WHXDKZMEJaaF,"1,138",12
Malibu,Miley Cyrus,2017-06-23,2habSXqcJGExM6JJyskY7O,"1,115",13
Hey DJ,"CNCO, Yandel",2017-06-23,209gZgcfLq2aUuu51vOWBl,"1,106",14
Hey Ma (with Pitbull & J Balvin feat. Camila Cabello) - Spanish Version,Pitbull,2017-06-23,2Vdub5mY4lad7w64bFPUez,"1,084",15
"I'm the One (feat. Justin Bieber, Quavo, Chance the Rapper & Lil Wayne)",DJ Khaled,2017-06-23,3DXncPQOG4VBw3QHh3S817,"1,001",16
Felices los 4,Maluma,2017-06-30,0qYTZCo5Bwh1nsUFGZP3zn,"2,000",1
Me Rehúso,Danny Ocean,2017-06-30,6De0lHrwBfPfrhorm9q1Xl,"1,713",2
Despacito - Remix,"Luis Fonsi, Daddy Yankee, Justin Bieber",2017-06-30,5CtI0qwDJkDQGwXD1H1cLb,"1,632",3
2U (feat. Justin Bieber),David Guetta,2017-06-30,3A7qX2QjDlPnazUsRk5y0M,"1,603",4
Shape of You,Ed Sheeran,2017-06-30,7qiZfU4dY1lWllzX7mPBI3,"1,536",5
Despacito (Featuring Daddy Yankee),Luis Fonsi,2017-06-30,4aWmUDTfIPGksMNLV2rQP2,"1,341",6
SUBEME LA RADIO (feat. Descemer Bueno & Zion & Lennox),Enrique Iglesias,2017-06-30,7nKBxz47S9SD79N086fuhn,"1,341",7
Attention,Charlie Puth,2017-06-30,4iLqG9SeJSnt0cSPICSjxv,"1,274",8
Symphony (feat. Zara Larsson),Clean Bandit,2017-06-30,1x5sYLZiu9r5E43kMlt9f8,"1,210",9
Me Enamoré,Shakira,2017-06-30,4qknM1pQz53QOyfDVTjcM9,"1,181",10
Mi Gente,"J Balvin, Willy William",2017-06-30,2rb5MvYT7ZIxbKW5hfcHx8,"1,179",11
Swalla (feat. Nicki Minaj & Ty Dolla $ign),Jason Derulo,2017-06-30,6kex4EBAj0WHXDKZMEJaaF,"1,159",12
There's Nothing Holdin' Me Back,Shawn Mendes,2017-06-30,79cuOz3SPQTuFrp8WgftAu,"1,141",13
"I'm the One (feat. Justin Bieber, Quavo, Chance the Rapper & Lil Wayne)",DJ Khaled,2017-06-30,3DXncPQOG4VBw3QHh3S817,"1,092",14
Something Just Like This,"The Chainsmokers, Coldplay",2017-06-30,6RUKPb4LETWmmr3iAEQktW,"1,081",15
Hey DJ,"CNCO, Yandel",2017-06-30,209gZgcfLq2aUuu51vOWBl,"1,031",16
Mala Mujer,C. Tangana,2017-06-30,6puxHBNwu2Nmm7uD3Rd2MP,"1,016",17
Mi Gente,"J Balvin, Willy William",2017-07-07,2rb5MvYT7ZIxbKW5hfcHx8,"2,368",1
Felices los 4,Maluma,2017-07-07,0qYTZCo5Bwh1nsUFGZP3zn,"1,768",2
Me Rehúso,Danny Ocean,2017-07-07,6De0lHrwBfPfrhorm9q1Xl,"1,748",3
Despacito - Remix,"Luis Fonsi, Daddy Yankee, Justin Bieber",2017-07-07,5CtI0qwDJkDQGwXD1H1cLb,"1,561",4
2U (feat. Justin Bieber),David Guetta,2017-07-07,3A7qX2QjDlPnazUsRk5y0M,"1,507",5
Shape of You,Ed Sheeran,2017-07-07,7qiZfU4dY1lWllzX7mPBI3,"1,466",6
Attention,Charlie Puth,2017-07-07,4iLqG9SeJSnt0cSPICSjxv,"1,314",7
Despacito (Featuring Daddy Yankee),Luis Fonsi,2017-07-07,4aWmUDTfIPGksMNLV2rQP2,"1,226",8
Me Enamoré,Shakira,2017-07-07,4qknM1pQz53QOyfDVTjcM9,"1,174",9
Hey DJ,"CNCO, Yandel",2017-07-07,209gZgcfLq2aUuu51vOWBl,"1,174",10
SUBEME LA RADIO (feat. Descemer Bueno & Zion & Lennox),Enrique Iglesias,2017-07-07,7nKBxz47S9SD79N086fuhn,"1,169",11
There's Nothing Holdin' Me Back,Shawn Mendes,2017-07-07,79cuOz3SPQTuFrp8WgftAu,"1,135",12
Symphony (feat. Zara Larsson),Clean Bandit,2017-07-07,1x5sYLZiu9r5E43kMlt9f8,"1,110",13
Mala Mujer,C. Tangana,2017-07-07,6puxHBNwu2Nmm7uD3Rd2MP,"1,087",14
Swalla (feat. Nicki Minaj & Ty Dolla $ign),Jason Derulo,2017-07-07,6kex4EBAj0WHXDKZMEJaaF,"1,071",15
Mama,"Jonas Blue, William Singe",2017-07-07,0NiXXAI876aGImAd6rTj8w,"1,046",16
Escápate Conmigo,"Wisin, Ozuna",2017-07-07,2cnKEkpVUSV4wnjQiTWfH6,"1,045",17
Mi Gente,"J Balvin, Willy William",2017-07-14,2rb5MvYT7ZIxbKW5hfcHx8,"2,526",1
Me Rehúso,Danny Ocean,2017-07-14,6De0lHrwBfPfrhorm9q1Xl,"1,943",2
Felices los 4,Maluma,2017-07-14,0qYTZCo5Bwh1nsUFGZP3zn,"1,899",3
,,2017-07-14,3RXkboS74UYzN14xTqzPyY,"1,587",4
Despacito - Remix,"Luis Fonsi, Daddy Yankee, Justin Bieber",2017-07-14,5CtI0qwDJkDQGwXD1H1cLb,"1,540",5
Despacito (Featuring Daddy Yankee),Luis Fonsi,2017-07-14,4aWmUDTfIPGksMNLV2rQP2,"1,315",6
Shape of You,Ed Sheeran,2017-07-14,7qiZfU4dY1lWllzX7mPBI3,"1,273",7
Attention,Charlie Puth,2017-07-14,4iLqG9SeJSnt0cSPICSjxv,"1,211",8
Mala Mujer,C. Tangana,2017-07-14,6puxHBNwu2Nmm7uD3Rd2MP,"1,184",9
Me Enamoré,Shakira,2017-07-14,4qknM1pQz53QOyfDVTjcM9,"1,170",10
SUBEME LA RADIO (feat. Descemer Bueno & Zion & Lennox),Enrique Iglesias,2017-07-14,7nKBxz47S9SD79N086fuhn,"1,161",11
Hey DJ,"CNCO, Yandel",2017-07-14,209gZgcfLq2aUuu51vOWBl,"1,152",12
Una Lady Como Tú,Manuel Turizo,2017-07-14,7MHN1aCFtLXjownGhvEQlF,"1,150",13
Mama,"Jonas Blue, William Singe",2017-07-14,0NiXXAI876aGImAd6rTj8w,"1,137",14
Thunder,Imagine Dragons,2017-07-14,0tKcYR2II1VCQWT79i5NrW,"1,134",15
There's Nothing Holdin' Me Back,Shawn Mendes,2017-07-14,79cuOz3SPQTuFrp8WgftAu,"1,104",16
Symphony (feat. Zara Larsson),Clean Bandit,2017-07-14,1x5sYLZiu9r5E43kMlt9f8,"1,067",17
Escápate Conmigo,"Wisin, Ozuna",2017-07-14,2cnKEkpVUSV4wnjQiTWfH6,"1,036",18
Swalla (feat. Nicki Minaj & Ty Dolla $ign),Jason Derulo,2017-07-14,6kex4EBAj0WHXDKZMEJaaF,"1,003",19
Mi Gente,"J Balvin, Willy William",2017-07-21,2rb5MvYT7ZIxbKW5hfcHx8,"2,507",1
Me Rehúso,Danny Ocean,2017-07-21,6De0lHrwBfPfrhorm9q1Xl,"1,910",2
Felices los 4,Maluma,2017-07-21,0qYTZCo5Bwh1nsUFGZP3zn,"1,704",3
2U (feat. Justin Bieber),David Guetta,2017-07-21,3A7qX2QjDlPnazUsRk5y0M,"1,443",4
Despacito - Remix,"Luis Fonsi, Daddy Yankee, Justin Bieber",2017-07-21,5CtI0qwDJkDQGwXD1H1cLb,"1,296",5
Despacito (Featuring Daddy Yankee),Luis Fonsi,2017-07-21,4aWmUDTfIPGksMNLV2rQP2,"1,236",6
Shape of You,Ed Sheeran,2017-07-21,7qiZfU4dY1lWllzX7mPBI3,"1,192",7
Attention,Charlie Puth,2017-07-21,4iLqG9SeJSnt0cSPICSjxv,"1,186",8
Mama,"Jonas Blue, William Singe",2017-07-21,0NiXXAI876aGImAd6rTj8w,"1,171",9
Una Lady Como Tú,Manuel Turizo,2017-07-21,7MHN1aCFtLXjownGhvEQlF,"1,169",10
SUBEME LA RADIO (feat. Descemer Bueno & Zion & Lennox),Enrique Iglesias,2017-07-21,7nKBxz47S9SD79N086fuhn,"1,129",11
Mala Mujer,C. Tangana,2017-07-21,6puxHBNwu2Nmm7uD3Rd2MP,"1,119",12
Me Enamoré,Shakira,2017-07-21,4qknM1pQz53QOyfDVTjcM9,"1,108",13
Escápate Conmigo,"Wisin, Ozuna",2017-07-21,2cnKEkpVUSV4wnjQiTWfH6,"1,086",14
Thunder,Imagine Dragons,2017-07-21,0tKcYR2II1VCQWT79i5NrW,"1,059",15
Symphony (feat. Zara Larsson),Clean Bandit,2017-07-21,1x5sYLZiu9r5E43kMlt9f8,"1,058",16
There's Nothing Holdin' Me Back,Shawn Mendes,2017-07-21,79cuOz3SPQTuFrp8WgftAu,"1,052",17
Swalla (feat. Nicki Minaj & Ty Dolla $ign),Jason Derulo,2017-07-21,6kex4EBAj0WHXDKZMEJaaF,"1,031",18
Wild Thoughts (feat. Rihanna & Bryson Tiller),DJ Khaled,2017-07-21,1OAh8uOEOvTDqkKFsKksCi,"1,002",19
Mi Gente,"J Balvin, Willy William",2017-07-28,2rb5MvYT7ZIxbKW5hfcHx8,"2,426",1
Me Rehúso,Danny Ocean,2017-07-28,6De0lHrwBfPfrhorm9q1Xl,"1,860",2
Felices los 4,Maluma,2017-07-28,0qYTZCo5Bwh1nsUFGZP3zn,"1,627",3
2U (feat. Justin Bieber),David Guetta,2017-07-28,3A7qX2QjDlPnazUsRk5y0M,"1,561",4
Una Lady Como Tú,Manuel Turizo,2017-07-28,7MHN1aCFtLXjownGhvEQlF,"1,271",5
"Feels (feat. Pharrell Williams, Katy Perry & Big Sean)","Calvin Harris, Funk Wav",2017-07-28,5bcTCxgc7xVfSaMV3RuVke,"1,246",6
Mama,"Jonas Blue, William Singe",2017-07-28,0NiXXAI876aGImAd6rTj8w,"1,220",7
Attention,Charlie Puth,2017-07-28,4iLqG9SeJSnt0cSPICSjxv,"1,211",8
Despacito (Featuring Daddy Yankee),Luis Fonsi,2017-07-28,4aWmUDTfIPGksMNLV2rQP2,"1,210",9
Despacito - Remix,"Luis Fonsi, Daddy Yankee, Justin Bieber",2017-07-28,5CtI0qwDJkDQGwXD1H1cLb,"1,164",10
Wild Thoughts (feat. Rihanna & Bryson Tiller),DJ Khaled,2017-07-28,1OAh8uOEOvTDqkKFsKksCi,"1,135",11
Shape of You,Ed Sheeran,2017-07-28,7qiZfU4dY1lWllzX7mPBI3,"1,131",12
Mala Mujer,C. Tangana,2017-07-28,6puxHBNwu2Nmm7uD3Rd2MP,"1,084",13
Symphony (feat. Zara Larsson),Clean Bandit,2017-07-28,1x5sYLZiu9r5E43kMlt9f8,"1,041",14
Thunder,Imagine Dragons,2017-07-28,0tKcYR2II1VCQWT79i5NrW,"1,037",15
SUBEME LA RADIO (feat. Descemer Bueno & Zion & Lennox),Enrique Iglesias,2017-07-28,7nKBxz47S9SD79N086fuhn,"1,010",16
Escápate Conmigo,"Wisin, Ozuna",2017-07-28,2cnKEkpVUSV4wnjQiTWfH6,"1,001",17
Hawái,Maluma,2020-09-04,1yoMvmasuxZfqHEipJhRbp,"5,835",1
Ayer Me Llamó Mi Ex (feat. Lenny Santos),KHEA,2020-09-04,6C6mUonH6MNdSg5pw7kOc9,"3,748",2
Mamichula - con Nicki Nicole,"Trueno, Bizarrap, Taiu, TATOOL",2020-09-04,4pXW6ZAHBz7ODXTRKklWrM,"3,435",3
Tattoo - Remix with Camilo,Rauw Alejandro,2020-09-04,4ZRrLHqzhGRXYj2qcB4s5S,"3,268",4
Relación - Remix,"Sech, Daddy Yankee, J Balvin, ROSALÍA, Farruko",2020-09-04,35UUpTmrcFXNIVIN26ujXl,"3,179",5
"Ay, DiOs Mío!",KAROL G,2020-09-04,7x4ASXYEKfQBCewcZhK776,"3,173",6
Caramelo,Ozuna,2020-09-04,5Jm4w8jmPEBTLjI9vH4fXo,"3,046",7
La Curiosidad,"Jay Wheeler, DJ Nelson, Myke Towers",2020-09-04,4HYDUMY0xSpeBr0AMY9cUz,"2,934",8
"Agua (with J Balvin) - Music From ""Sponge On The Run"" Movie",Tainy,2020-09-04,1pqnQ41XbfKjaFu6M0eGJp,"2,307",9
UN DIA (ONE DAY) (Feat. Tainy),"J Balvin, Dua Lipa, Bad Bunny",2020-09-04,0EhpEsp4L0oRGM0vmeaN5e,"2,256",10
La Jeepeta - Remix,"Nio Garcia, Anuel AA, Myke Towers, Brray, Juanka",2020-09-04,6bvfJf4KjonPMuPfGfy3S2,"2,201",11
Relación,Sech,2020-09-04,3ZG8N7aWw2meb6UrI5ZmnZ,"2,162",12
Djadja (feat. Maluma) - Remix,Aya Nakamura,2020-09-04,13vDU8nPsvTGEVTMB8Vw7g,"2,101",13
El Manual,Anuel AA,2020-09-04,7kOf0qHO4Rcwk6QJifZDRJ,"1,899",14
A Güiro,Rafa Pabön,2020-09-04,4hgIsfE3u7duCJFYXm6kZe,"1,887",15
Blinding Lights,The Weeknd,2020-09-04,0VjIjW4GlUZAMYd2vXMi3b,"1,827",16
Mi Cuarto,Jerry Di,2020-09-04,6fmQjRuo7XvRFCK2qex5hQ,"1,814",17
Mil Tequilas,Chema Rivas,2020-09-04,0qvfIq8RsH3sOZk9JIuUhn,"1,803",18
Mami,"Ptazeta, Juacko",2020-09-04,55C0glNSvxJDCfgHwiCZb1,"1,753",19
Favorito,Camilo,2020-09-04,0jT8Nl0shPS8115is0wD2Q,"1,746",20
Savage Love (Laxed - Siren Beat),"Jawsh 685, Jason Derulo",2020-09-04,1xQ6trAsedVPCdbtDAmk0c,"1,700",21
Se iluminaba,"Fred De Palma, Ana Mena",2020-09-04,3VPOZWtj8mM89IiRNygxgS,"1,693",22
Breaking Me,"Topic, A7S",2020-09-04,3H7ihDc1dqLriiWXwsc2po,"1,689",23
Jerusalema (feat. Nomcebo Zikode),Master KG,2020-09-04,2MlOUXmcofMackX3bxfSwi,"1,570",24
Tusa,"KAROL G, Nicki Minaj",2020-09-04,7k4t7uLgtOxPwTpFmtJNTY,"1,516",25
Carita de Inocente (feat. Myke Towers) - Remix,Prince Royce,2020-09-04,5kQre7o8ky5DXeEPcyaCR1,"1,469",26
PAM,"Justin Quiles, Daddy Yankee, El Alfa",2020-09-04,0eeKDrQxjqNl5bX5VCHDcn,"1,422",27
"PORFA Remix ( Feat. Maluma, Nicky Jam, Sech) - Remix","Feid, J Balvin, Justin Quiles",2020-09-04,7lUdbnz7wsv3C9zzf4WHl9,"1,422",28
Hasta Que Dios Diga,"Anuel AA, Bad Bunny",2020-09-04,06s3QtMJVXw1AJX3UfvZG1,"1,377",29
Watermelon Sugar,Harry Styles,2020-09-04,6UelLqGlWMcVH1E5c4H7lY,"1,344",30
El Mismo Aire - con Pablo Alborán,Camilo,2020-09-04,5EbtodsuLbxrFDH6j5avVS,"1,278",31
Flamenkito,"Lérica, Belinda",2020-09-04,4fsj5oMLYrCUlTDs4P9qw5,"1,276",32
Trendy,"Rvfv, Lola Indigo",2020-09-04,6KS9MjBx9PnEetb0XUqGv6,"1,262",33
Mood (feat. iann dior),24kGoldn,2020-09-04,3tjFYV6RSFtuktYl3ZtYcq,"1,249",34
MAMACITA,"Black Eyed Peas, Ozuna, J. Rey Soul",2020-09-04,24IgCW19L8lXKyFZwzFtD3,"1,206",35
Despeinada,"Ozuna, Camilo",2020-09-04,0JAZWvvqttGFm4UMDsPQXC,"1,200",36
Pa toda la vida (feat. Mozart La Para),Don Patricio,2020-09-04,6DDb7XRNUzeHmSoTbw5nmm,"1,193",37
WAP (feat. Megan Thee Stallion),Cardi B,2020-09-04,4Oun2ylbjFKMPTiaSbbCih,"1,183",38
"Lean (feat. Towy, Osquel, Beltito & Sammy & Falsetto)",Super Yei,2020-09-04,5DoLhdU27owX1NMrKLUbUl,"1,151",39
Del Mar,"Ozuna, Doja Cat, Sia",2020-09-04,5cpJFiNwYyWwFLH0V6B3N8,"1,129",40
Roses - Imanbek Remix,SAINt JHN,2020-09-04,2Wo6QQD1KMDWeFkkjLqwx5,"1,119",41
Madrid (feat. Myke Towers),Maluma,2020-09-04,19OXtYzrJyCrQvTbfukt4H,"1,093",42
Reggaetonera,Anuel AA,2020-09-04,6yVkakCN460KOVol9ZazjH,"1,084",43
ROCKSTAR (feat. Roddy Ricch),DaBaby,2020-09-04,7ytR5pFWmSjzHJIeQkgog4,"1,081",44
4 besos,"Lola Indigo, Rauw Alejandro, Lalo Ebratt",2020-09-04,49QwoSLuV69Fd8bwTqdZvs,"1,081",45
Sueño (con Pablo Alborán),Beret,2020-09-04,71M1szVbVYZM5M6QlIm6aC,"1,057",46
CÓMO SE SIENTE - Remix,"Jhay Cortez, Bad Bunny",2020-09-04,2tFwfmceQa1Y6nRPhYbEtC,"1,038",47
Si Tú La Quieres,"David Bisbal, Aitana",2020-09-04,35qwAQ3oZeKAMhR3hCV9IM,"1,034",48
Dance Monkey,Tones And I,2020-09-04,1rgnBhdG2JDFTbYkYRZAku,"1,034",49
Como Estrellas,LA YOUNG,2020-09-04,3Iql4v0ISjuMqj7MNkuWJX,"1,011",50
Hawái,Maluma,2020-09-11,1yoMvmasuxZfqHEipJhRbp,"5,856",1
Relación - Remix,"Sech, Daddy Yankee, J Balvin, ROSALÍA, Farruko",2020-09-11,35UUpTmrcFXNIVIN26ujXl,"3,526",2
Ayer Me Llamó Mi Ex (feat. Lenny Santos),KHEA,2020-09-11,6C6mUonH6MNdSg5pw7kOc9,"3,279",3
Tattoo - Remix with Camilo,Rauw Alejandro,2020-09-11,4ZRrLHqzhGRXYj2qcB4s5S,"2,879",4
"Ay, DiOs Mío!",KAROL G,2020-09-11,7x4ASXYEKfQBCewcZhK776,"2,876",5
Mamichula - con Nicki Nicole,"Trueno, Bizarrap, Taiu, TATOOL",2020-09-11,4pXW6ZAHBz7ODXTRKklWrM,"2,788",6
Caramelo,Ozuna,2020-09-11,5Jm4w8jmPEBTLjI9vH4fXo,"2,741",7
La Curiosidad,"Jay Wheeler, DJ Nelson, Myke Towers",2020-09-11,4HYDUMY0xSpeBr0AMY9cUz,"2,464",8
UN DIA (ONE DAY) (Feat. Tainy),"J Balvin, Dua Lipa, Bad Bunny",2020-09-11,0EhpEsp4L0oRGM0vmeaN5e,"2,140",9
Mami,"Ptazeta, Juacko",2020-09-11,55C0glNSvxJDCfgHwiCZb1,"2,079",10
"Agua (with J Balvin) - Music From ""Sponge On The Run"" Movie",Tainy,2020-09-11,1pqnQ41XbfKjaFu6M0eGJp,"2,045",11
Djadja (feat. Maluma) - Remix,Aya Nakamura,2020-09-11,13vDU8nPsvTGEVTMB8Vw7g,"2,018",12
La Jeepeta - Remix,"Nio Garcia, Anuel AA, Myke Towers, Brray, Juanka",2020-09-11,6bvfJf4KjonPMuPfGfy3S2,"1,915",13
Blinding Lights,The Weeknd,2020-09-11,0VjIjW4GlUZAMYd2vXMi3b,"1,871",14
Tu Foto Del DNI,"Marmi, Aitana",2020-09-11,1eWWdO6oIBdJT8SCXaYCYV,"1,775",15
Savage Love (Laxed - Siren Beat),"Jawsh 685, Jason Derulo",2020-09-11,1xQ6trAsedVPCdbtDAmk0c,"1,728",16
Breaking Me,"Topic, A7S",2020-09-11,3H7ihDc1dqLriiWXwsc2po,"1,689",17
Mi Cuarto,Jerry Di,2020-09-11,6fmQjRuo7XvRFCK2qex5hQ,"1,685",18
Favorito,Camilo,2020-09-11,0jT8Nl0shPS8115is0wD2Q,"1,682",19
Se iluminaba,"Fred De Palma, Ana Mena",2020-09-11,3VPOZWtj8mM89IiRNygxgS,"1,653",20
Jerusalema (feat. Nomcebo Zikode),Master KG,2020-09-11,2MlOUXmcofMackX3bxfSwi,"1,637",21
A Güiro,Rafa Pabön,2020-09-11,4hgIsfE3u7duCJFYXm6kZe,"1,619",22
El Manual,Anuel AA,2020-09-11,7kOf0qHO4Rcwk6QJifZDRJ,"1,578",23
Despeinada,"Ozuna, Camilo",2020-09-11,0JAZWvvqttGFm4UMDsPQXC,"1,573",24
Mood (feat. iann dior),24kGoldn,2020-09-11,3tjFYV6RSFtuktYl3ZtYcq,"1,562",25
Relación,Sech,2020-09-11,3ZG8N7aWw2meb6UrI5ZmnZ,"1,550",26
Mil Tequilas,Chema Rivas,2020-09-11,0qvfIq8RsH3sOZk9JIuUhn,"1,525",27
Una Locura,"Ozuna, J Balvin, Chencho Corleone",2020-09-11,5y7DaS3jAc9eZzcSOoUIwU,"1,484",28
Carita de Inocente (feat. Myke Towers) - Remix,Prince Royce,2020-09-11,5kQre7o8ky5DXeEPcyaCR1,"1,447",29
Watermelon Sugar,Harry Styles,2020-09-11,6UelLqGlWMcVH1E5c4H7lY,"1,437",30
Trendy,"Rvfv, Lola Indigo",2020-09-11,6KS9MjBx9PnEetb0XUqGv6,"1,415",31
Tusa,"KAROL G, Nicki Minaj",2020-09-11,7k4t7uLgtOxPwTpFmtJNTY,"1,405",32
Del Mar,"Ozuna, Doja Cat, Sia",2020-09-11,5cpJFiNwYyWwFLH0V6B3N8,"1,310",33
"Lean (feat. Towy, Osquel, Beltito & Sammy & Falsetto)",Super Yei,2020-09-11,5DoLhdU27owX1NMrKLUbUl,"1,284",34
Como Estrellas,LA YOUNG,2020-09-11,3Iql4v0ISjuMqj7MNkuWJX,"1,219",35
PAM,"Justin Quiles, Daddy Yankee, El Alfa",2020-09-11,0eeKDrQxjqNl5bX5VCHDcn,"1,207",36
Roses - Imanbek Remix,SAINt JHN,2020-09-11,2Wo6QQD1KMDWeFkkjLqwx5,"1,195",37
El Mismo Aire - con Pablo Alborán,Camilo,2020-09-11,5EbtodsuLbxrFDH6j5avVS,"1,174",38
Flamenkito,"Lérica, Belinda",2020-09-11,4fsj5oMLYrCUlTDs4P9qw5,"1,173",39
Sueño (con Pablo Alborán),Beret,2020-09-11,71M1szVbVYZM5M6QlIm6aC,"1,164",40
Don Don,"Daddy Yankee, Anuel AA, Kendo Kaponi",2020-09-11,3kml9ZdpT7UYk1ugkjqOzt,"1,162",41
WAP (feat. Megan Thee Stallion),Cardi B,2020-09-11,4Oun2ylbjFKMPTiaSbbCih,"1,143",42
Hasta Que Dios Diga,"Anuel AA, Bad Bunny",2020-09-11,06s3QtMJVXw1AJX3UfvZG1,"1,138",43
Si Tú La Quieres,"David Bisbal, Aitana",2020-09-11,35qwAQ3oZeKAMhR3hCV9IM,"1,120",44
Jeans,Justin Quiles,2020-09-11,3GtnId3Cm1Xa6joCj08nzW,"1,094",45
Pa toda la vida (feat. Mozart La Para),Don Patricio,2020-09-11,6DDb7XRNUzeHmSoTbw5nmm,"1,067",46
4 besos,"Lola Indigo, Rauw Alejandro, Lalo Ebratt",2020-09-11,49QwoSLuV69Fd8bwTqdZvs,"1,062",47
Madrid (feat. Myke Towers),Maluma,2020-09-11,19OXtYzrJyCrQvTbfukt4H,"1,059",48
Más De Lo Que Aposté,"Aitana, Morat",2020-09-11,00QBHaaP4KUcjlmxWriMbC,"1,045",49
Dance Monkey,Tones And I,2020-09-11,1rgnBhdG2JDFTbYkYRZAku,"1,026",50
ROCKSTAR (feat. Roddy Ricch),DaBaby,2020-09-11,7ytR5pFWmSjzHJIeQkgog4,"1,019",51
MAMACITA,"Black Eyed Peas, Ozuna, J. Rey Soul",2020-09-11,24IgCW19L8lXKyFZwzFtD3,"1,018",52
Pegao / Me Miro y La Mire (TikTok Hit),Omega,2020-09-11,4Pzk85DqWoLqptyA5IlhLk,"1,014",53
La Tóxica,Farruko,2020-09-11,15OjBeqNX3bShsGYQbteRv,"1,007",54
Hawái,Maluma,2020-09-18,1yoMvmasuxZfqHEipJhRbp,"5,514",1
Ayer Me Llamó Mi Ex (feat. Lenny Santos),KHEA,2020-09-18,6C6mUonH6MNdSg5pw7kOc9,"3,302",2
Relación - Remix,"Sech, Daddy Yankee, J Balvin, ROSALÍA, Farruko",2020-09-18,35UUpTmrcFXNIVIN26ujXl,"3,229",3
Tattoo - Remix with Camilo,Rauw Alejandro,2020-09-18,4ZRrLHqzhGRXYj2qcB4s5S,"2,744",4
Mamichula - con Nicki Nicole,"Trueno, Bizarrap, Taiu, TATOOL",2020-09-18,4pXW6ZAHBz7ODXTRKklWrM,"2,684",5
Caramelo,Ozuna,2020-09-18,5Jm4w8jmPEBTLjI9vH4fXo,"2,569",6
"Ay, DiOs Mío!",KAROL G,2020-09-18,7x4ASXYEKfQBCewcZhK776,"2,523",7
La Curiosidad,"Jay Wheeler, DJ Nelson, Myke Towers",2020-09-18,4HYDUMY0xSpeBr0AMY9cUz,"2,468",8
UN DIA (ONE DAY) (Feat. Tainy),"J Balvin, Dua Lipa, Bad Bunny",2020-09-18,0EhpEsp4L0oRGM0vmeaN5e,"2,250",9
Mami,"Ptazeta, Juacko",2020-09-18,55C0glNSvxJDCfgHwiCZb1,"2,209",10
Mood (feat. iann dior),24kGoldn,2020-09-18,3tjFYV6RSFtuktYl3ZtYcq,"2,012",11
Jerusalema (feat. Nomcebo Zikode),Master KG,2020-09-18,2MlOUXmcofMackX3bxfSwi,"1,962",12
Djadja (feat. Maluma) - Remix,Aya Nakamura,2020-09-18,13vDU8nPsvTGEVTMB8Vw7g,"1,828",13
Despeinada,"Ozuna, Camilo",2020-09-18,0JAZWvvqttGFm4UMDsPQXC,"1,807",14
Don Don,"Daddy Yankee, Anuel AA, Kendo Kaponi",2020-09-18,3kml9ZdpT7UYk1ugkjqOzt,"1,773",15
Mi Cuarto,Jerry Di,2020-09-18,6fmQjRuo7XvRFCK2qex5hQ,"1,767",16
"Agua (with J Balvin) - Music From ""Sponge On The Run"" Movie",Tainy,2020-09-18,1pqnQ41XbfKjaFu6M0eGJp,"1,756",17
La Jeepeta - Remix,"Nio Garcia, Anuel AA, Myke Towers, Brray, Juanka",2020-09-18,6bvfJf4KjonPMuPfGfy3S2,"1,726",18
Blinding Lights,The Weeknd,2020-09-18,0VjIjW4GlUZAMYd2vXMi3b,"1,721",19
Tu Foto Del DNI,"Marmi, Aitana",2020-09-18,1eWWdO6oIBdJT8SCXaYCYV,"1,693",20
Savage Love (Laxed - Siren Beat),"Jawsh 685, Jason Derulo",2020-09-18,1xQ6trAsedVPCdbtDAmk0c,"1,666",21
Una Locura,"Ozuna, J Balvin, Chencho Corleone",2020-09-18,5y7DaS3jAc9eZzcSOoUIwU,"1,616",22
Se iluminaba,"Fred De Palma, Ana Mena",2020-09-18,3VPOZWtj8mM89IiRNygxgS,"1,596",23
Mil Tequilas,Chema Rivas,2020-09-18,0qvfIq8RsH3sOZk9JIuUhn,"1,596",24
Favorito,Camilo,2020-09-18,0jT8Nl0shPS8115is0wD2Q,"1,576",25
"Lean (feat. Towy, Osquel, Beltito & Sammy & Falsetto)",Super Yei,2020-09-18,5DoLhdU27owX1NMrKLUbUl,"1,566",26
Breaking Me,"Topic, A7S",2020-09-18,3H7ihDc1dqLriiWXwsc2po,"1,509",27
Watermelon Sugar,Harry Styles,2020-09-18,6UelLqGlWMcVH1E5c4H7lY,"1,411",28
Tusa,"KAROL G, Nicki Minaj",2020-09-18,7k4t7uLgtOxPwTpFmtJNTY,"1,377",29
A Güiro,Rafa Pabön,2020-09-18,4hgIsfE3u7duCJFYXm6kZe,"1,365",30
El Manual,Anuel AA,2020-09-18,7kOf0qHO4Rcwk6QJifZDRJ,"1,349",31
Como Estrellas,LA YOUNG,2020-09-18,3Iql4v0ISjuMqj7MNkuWJX,"1,279",32
Relación,Sech,2020-09-18,3ZG8N7aWw2meb6UrI5ZmnZ,"1,266",33
Trendy,"Rvfv, Lola Indigo",2020-09-18,6KS9MjBx9PnEetb0XUqGv6,"1,228",34
Carita de Inocente (feat. Myke Towers) - Remix,Prince Royce,2020-09-18,5kQre7o8ky5DXeEPcyaCR1,"1,205",35
La Tóxica,Farruko,2020-09-18,15OjBeqNX3bShsGYQbteRv,"1,185",36
PAM,"Justin Quiles, Daddy Yankee, El Alfa",2020-09-18,0eeKDrQxjqNl5bX5VCHDcn,"1,153",37
Jeans,Justin Quiles,2020-09-18,3GtnId3Cm1Xa6joCj08nzW,"1,111",38
WAP (feat. Megan Thee Stallion),Cardi B,2020-09-18,4Oun2ylbjFKMPTiaSbbCih,"1,108",39
ROCKSTAR (feat. Roddy Ricch),DaBaby,2020-09-18,7ytR5pFWmSjzHJIeQkgog4,"1,105",40
Roses - Imanbek Remix,SAINt JHN,2020-09-18,2Wo6QQD1KMDWeFkkjLqwx5,"1,104",41
Me Gusta (with Cardi B & Myke Towers),Anitta,2020-09-18,7e1VoRlNumuEkXlITMHKLE,"1,102",42
Hasta Que Dios Diga,"Anuel AA, Bad Bunny",2020-09-18,06s3QtMJVXw1AJX3UfvZG1,"1,098",43
Del Mar,"Ozuna, Doja Cat, Sia",2020-09-18,5cpJFiNwYyWwFLH0V6B3N8,"1,069",44
Más De Lo Que Aposté,"Aitana, Morat",2020-09-18,00QBHaaP4KUcjlmxWriMbC,"1,065",45
Sueño (con Pablo Alborán),Beret,2020-09-18,71M1szVbVYZM5M6QlIm6aC,"1,057",46
For The Night (feat. Lil Baby & DaBaby),Pop Smoke,2020-09-18,0PvFJmanyNQMseIFrU708S,"1,047",47
Si Tú La Quieres,"David Bisbal, Aitana",2020-09-18,35qwAQ3oZeKAMhR3hCV9IM,"1,045",48
Madrid (feat. Myke Towers),Maluma,2020-09-18,19OXtYzrJyCrQvTbfukt4H,"1,035",49
El Mismo Aire - con Pablo Alborán,Camilo,2020-09-18,5EbtodsuLbxrFDH6j5avVS,"1,024",50
Flamenkito,"Lérica, Belinda",2020-09-18,4fsj5oMLYrCUlTDs4P9qw5,"1,005",51
Dance Monkey,Tones And I,2020-09-18,1rgnBhdG2JDFTbYkYRZAku,"1,004",52
Hawái,Maluma,2020-10-23,1yoMvmasuxZfqHEipJhRbp,"4,375",1
Despeinada,"Ozuna, Camilo",2020-10-23,0JAZWvvqttGFm4UMDsPQXC,"3,356",2
La Nota,"Manuel Turizo, Rauw Alejandro, Myke Towers",2020-10-23,7ndTONDDRFGiPnnhOzOXxq,"3,253",3
Relación - Remix,"Sech, Daddy Yankee, J Balvin, ROSALÍA, Farruko",2020-10-23,35UUpTmrcFXNIVIN26ujXl,"3,128",4
Mi Niña,"Wisin, Myke Towers, Los Legendarios",2020-10-23,2bgcUk2A3jjKbCJ7KPquTi,"2,775",5
Demasiadas Mujeres,C. Tangana,2020-10-23,2iUz95Osgl4fFZbNJ0xuoD,"2,761",6
Una Locura,"Ozuna, J Balvin, Chencho Corleone",2020-10-23,5y7DaS3jAc9eZzcSOoUIwU,"2,626",7
Mood (feat. iann dior),24kGoldn,2020-10-23,3tjFYV6RSFtuktYl3ZtYcq,"2,461",8
Vida de Rico,Camilo,2020-10-23,73nAK3HgQK8dak83Y2WQ8F,"2,405",9
La Curiosidad,"Jay Wheeler, DJ Nelson, Myke Towers",2020-10-23,4HYDUMY0xSpeBr0AMY9cUz,"2,365",10
Entre Tú y Yo,Chema Rivas,2020-10-23,1nxlRYbM2Ral4im0LExtZY,"2,365",11
La Tóxica,Farruko,2020-10-23,15OjBeqNX3bShsGYQbteRv,"2,358",12
Ayer Me Llamó Mi Ex (feat. Lenny Santos),KHEA,2020-10-23,6C6mUonH6MNdSg5pw7kOc9,"2,336",13
A Un Paso De La Luna,"Ana Mena, Rocco Hunt",2020-10-23,7ql2RUmAmj36tkMUNWo7MT,"2,323",14
Tattoo - Remix with Camilo,Rauw Alejandro,2020-10-23,4ZRrLHqzhGRXYj2qcB4s5S,"2,209",15
Mamichula - con Nicki Nicole,"Trueno, Bizarrap, Taiu, TATOOL",2020-10-23,4pXW6ZAHBz7ODXTRKklWrM,"2,091",16
Enchule,Rauw Alejandro,2020-10-23,3ThrfRAmijYU098H9q9tAs,"2,072",17
UN DIA (ONE DAY) (Feat. Tainy),"J Balvin, Dua Lipa, Bad Bunny",2020-10-23,0EhpEsp4L0oRGM0vmeaN5e,"2,009",18
Mami,"Ptazeta, Juacko",2020-10-23,55C0glNSvxJDCfgHwiCZb1,"1,991",19
Jeans,Justin Quiles,2020-10-23,3GtnId3Cm1Xa6joCj08nzW,"1,951",20
Se Te Nota (with Guaynaa),Lele Pons,2020-10-23,11EnQRgRMJwMAesfkB5pnu,"1,933",21
Caramelo,Ozuna,2020-10-23,5Jm4w8jmPEBTLjI9vH4fXo,"1,927",22
Jerusalema (feat. Nomcebo Zikode),Master KG,2020-10-23,2MlOUXmcofMackX3bxfSwi,"1,847",23
"Ay, DiOs Mío!",KAROL G,2020-10-23,7x4ASXYEKfQBCewcZhK776,"1,806",24
Mi Cuarto,Jerry Di,2020-10-23,6fmQjRuo7XvRFCK2qex5hQ,"1,735",25
Don Don,"Daddy Yankee, Anuel AA, Kendo Kaponi",2020-10-23,3kml9ZdpT7UYk1ugkjqOzt,"1,679",26
Blinding Lights,The Weeknd,2020-10-23,0VjIjW4GlUZAMYd2vXMi3b,"1,625",27
La Jeepeta - Remix,"Nio Garcia, Anuel AA, Myke Towers, Brray, Juanka",2020-10-23,6bvfJf4KjonPMuPfGfy3S2,"1,472",28
Watermelon Sugar,Harry Styles,2020-10-23,6UelLqGlWMcVH1E5c4H7lY,"1,459",29
Como Estrellas,LA YOUNG,2020-10-23,3Iql4v0ISjuMqj7MNkuWJX,"1,407",30
Lonely (with benny blanco),Justin Bieber,2020-10-23,4y4spB9m0Q6026KfkAvy9Q,"1,391",31
Se iluminaba,"Fred De Palma, Ana Mena",2020-10-23,3VPOZWtj8mM89IiRNygxgS,"1,357",32
Problemas,Paris Boy,2020-10-23,2aQJOc2QUTdQl1J2Z9VxYO,"1,347",33
Djadja (feat. Maluma) - Remix,Aya Nakamura,2020-10-23,13vDU8nPsvTGEVTMB8Vw7g,"1,333",34
Mi Regalo Mas Bonito,La Ross Maria,2020-10-23,3JgGutjAwNXGAxcXaqVgWe,"1,307",35
Parce (feat. Justin Quiles),"Maluma, Lenny Tavárez",2020-10-23,4RJz8NfIe09gpKMiRUWKhJ,"1,287",36
Tusa,"KAROL G, Nicki Minaj",2020-10-23,7k4t7uLgtOxPwTpFmtJNTY,"1,273",37
"Lemonade (feat. Gunna, Don Toliver & NAV)",Internet Money,2020-10-23,7hxHWCCAIIxFLCzvDgnQHX,"1,248",38
"Lean (feat. Towy, Osquel, Beltito & Sammy & Falsetto)",Super Yei,2020-10-23,5DoLhdU27owX1NMrKLUbUl,"1,241",39
Favorito,Camilo,2020-10-23,0jT8Nl0shPS8115is0wD2Q,"1,213",40
positions,Ariana Grande,2020-10-23,7igeByaBM0MgGsgXtNxDJ7,"1,210",41
What You Know Bout Love,Pop Smoke,2020-10-23,1tkg4EHVoqnhR6iFEXb60y,"1,188",42
"Agua (with J Balvin) - Music From ""Sponge On The Run"" Movie",Tainy,2020-10-23,1pqnQ41XbfKjaFu6M0eGJp,"1,179",43
Breaking Me,"Topic, A7S",2020-10-23,3H7ihDc1dqLriiWXwsc2po,"1,176",44
Savage Love (Laxed - Siren Beat),"Jawsh 685, Jason Derulo",2020-10-23,1xQ6trAsedVPCdbtDAmk0c,"1,149",45
Corazón Sin Vida,"Aitana, Sebastian Yatra",2020-10-23,3OL6rKs4tpYCdPZ9SEx50p,"1,125",46
Carita de Inocente (feat. Myke Towers) - Remix,Prince Royce,2020-10-23,5kQre7o8ky5DXeEPcyaCR1,"1,054",47
Mil Tequilas,Chema Rivas,2020-10-23,0qvfIq8RsH3sOZk9JIuUhn,"1,051",48
Before You Go,Lewis Capaldi,2020-10-23,2gMXnyrvIjhVBUZwvLZDMP,"1,048",49
El Farsante,Ozuna,2020-10-23,5EId1m4DNwTf3at31w8bPJ,"1,041",50
Reloj,"Rauw Alejandro, Anuel AA",2020-10-23,7r9ZhitdQBONTFOiJW5mr8,"1,038",51
El Manual,Anuel AA,2020-10-23,7kOf0qHO4Rcwk6QJifZDRJ,"1,034",52
Head & Heart (feat. MNEK),Joel Corry,2020-10-23,6cx06DFPPHchuUAcTxznu9,"1,012",53
DÁKITI,"Bad Bunny, Jhay Cortez",2020-10-30,47EiUVwUp4C9fGccaPuUCS,"5,720",1
Hawái,Maluma,2020-10-30,1yoMvmasuxZfqHEipJhRbp,"3,642",2
La Nota,"Manuel Turizo, Rauw Alejandro, Myke Towers",2020-10-30,7ndTONDDRFGiPnnhOzOXxq,"3,529",3
Mi Niña,"Wisin, Myke Towers, Los Legendarios",2020-10-30,2bgcUk2A3jjKbCJ7KPquTi,"3,046",4
Despeinada,"Ozuna, Camilo",2020-10-30,0JAZWvvqttGFm4UMDsPQXC,"2,972",5
Relación - Remix,"Sech, Daddy Yankee, J Balvin, ROSALÍA, Farruko",2020-10-30,35UUpTmrcFXNIVIN26ujXl,"2,837",6
Demasiadas Mujeres,C. Tangana,2020-10-30,2iUz95Osgl4fFZbNJ0xuoD,"2,638",7
Una Locura,"Ozuna, J Balvin, Chencho Corleone",2020-10-30,5y7DaS3jAc9eZzcSOoUIwU,"2,610",8
Problemas,Paris Boy,2020-10-30,2aQJOc2QUTdQl1J2Z9VxYO,"2,518",9
Vida de Rico,Camilo,2020-10-30,73nAK3HgQK8dak83Y2WQ8F,"2,474",10
Entre Tú y Yo,Chema Rivas,2020-10-30,1nxlRYbM2Ral4im0LExtZY,"2,420",11
A Un Paso De La Luna,"Ana Mena, Rocco Hunt",2020-10-30,7ql2RUmAmj36tkMUNWo7MT,"2,347",12
Mood (feat. iann dior),24kGoldn,2020-10-30,3tjFYV6RSFtuktYl3ZtYcq,"2,339",13
La Tóxica,Farruko,2020-10-30,15OjBeqNX3bShsGYQbteRv,"2,239",14
La Curiosidad,"Jay Wheeler, DJ Nelson, Myke Towers",2020-10-30,4HYDUMY0xSpeBr0AMY9cUz,"2,078",15
Se Te Nota (with Guaynaa),Lele Pons,2020-10-30,11EnQRgRMJwMAesfkB5pnu,"2,053",16
Lonely (with benny blanco),Justin Bieber,2020-10-30,4y4spB9m0Q6026KfkAvy9Q,"1,960",17
Jeans,Justin Quiles,2020-10-30,3GtnId3Cm1Xa6joCj08nzW,"1,939",18
Ayer Me Llamó Mi Ex (feat. Lenny Santos),KHEA,2020-10-30,6C6mUonH6MNdSg5pw7kOc9,"1,930",19
Mami,"Ptazeta, Juacko",2020-10-30,55C0glNSvxJDCfgHwiCZb1,"1,925",20
UN DIA (ONE DAY) (Feat. Tainy),"J Balvin, Dua Lipa, Bad Bunny",2020-10-30,0EhpEsp4L0oRGM0vmeaN5e,"1,921",21
Tattoo - Remix with Camilo,Rauw Alejandro,2020-10-30,4ZRrLHqzhGRXYj2qcB4s5S,"1,872",22
Enchule,Rauw Alejandro,2020-10-30,3ThrfRAmijYU098H9q9tAs,"1,808",23
Jerusalema (feat. Nomcebo Zikode),Master KG,2020-10-30,2MlOUXmcofMackX3bxfSwi,"1,772",24
Reloj,"Rauw Alejandro, Anuel AA",2020-10-30,7r9ZhitdQBONTFOiJW5mr8,"1,741",25
Don Don,"Daddy Yankee, Anuel AA, Kendo Kaponi",2020-10-30,3kml9ZdpT7UYk1ugkjqOzt,"1,731",26
Caramelo,Ozuna,2020-10-30,5Jm4w8jmPEBTLjI9vH4fXo,"1,673",27
Mamichula - con Nicki Nicole,"Trueno, Bizarrap, Taiu, TATOOL",2020-10-30,4pXW6ZAHBz7ODXTRKklWrM,"1,599",28
"Ay, DiOs Mío!",KAROL G,2020-10-30,7x4ASXYEKfQBCewcZhK776,"1,520",29
Mi Cuarto,Jerry Di,2020-10-30,6fmQjRuo7XvRFCK2qex5hQ,"1,477",30
Blinding Lights,The Weeknd,2020-10-30,0VjIjW4GlUZAMYd2vXMi3b,"1,465",31
Watermelon Sugar,Harry Styles,2020-10-30,6UelLqGlWMcVH1E5c4H7lY,"1,457",32
Del Mar,"Ozuna, Doja Cat, Sia",2020-10-30,5cpJFiNwYyWwFLH0V6B3N8,"1,387",33
positions,Ariana Grande,2020-10-30,35mvY5S1H3J2QZyna3TFe0,"1,380",34
Como Estrellas,LA YOUNG,2020-10-30,3Iql4v0ISjuMqj7MNkuWJX,"1,332",35
Parce (feat. Justin Quiles),"Maluma, Lenny Tavárez",2020-10-30,4RJz8NfIe09gpKMiRUWKhJ,"1,323",36
"Lemonade (feat. Gunna, Don Toliver & NAV)",Internet Money,2020-10-30,7hxHWCCAIIxFLCzvDgnQHX,"1,273",37
Tusa,"KAROL G, Nicki Minaj",2020-10-30,7k4t7uLgtOxPwTpFmtJNTY,"1,264",38
BICHOTA,KAROL G,2020-10-30,7vrJn5hDSXRmdXoR30KgF1,"1,209",39
La Luz,"Sech, J Balvin",2020-10-30,5zj8WNkBrEzlI5FKeYV4ol,"1,207",40
What You Know Bout Love,Pop Smoke,2020-10-30,1tkg4EHVoqnhR6iFEXb60y,"1,194",41
Breaking Me,"Topic, A7S",2020-10-30,3H7ihDc1dqLriiWXwsc2po,"1,180",42
La Jeepeta - Remix,"Nio Garcia, Anuel AA, Myke Towers, Brray, Juanka",2020-10-30,6bvfJf4KjonPMuPfGfy3S2,"1,163",43
Mi Regalo Mas Bonito,La Ross Maria,2020-10-30,3JgGutjAwNXGAxcXaqVgWe,"1,163",44
Djadja (feat. Maluma) - Remix,Aya Nakamura,2020-10-30,13vDU8nPsvTGEVTMB8Vw7g,"1,152",45
cómo te va?,"Lola Indigo, Beret",2020-10-30,3lf6mWt6LkbQ4OarnxrBGD,"1,113",46
Chica Ideal,"Sebastian Yatra, Guaynaa",2020-10-30,21N4Buj4xsyLb218lYle61,"1,112",47
Head & Heart (feat. MNEK),Joel Corry,2020-10-30,6cx06DFPPHchuUAcTxznu9,"1,104",48
Corazón Sin Vida,"Aitana, Sebastian Yatra",2020-10-30,3OL6rKs4tpYCdPZ9SEx50p,"1,092",49
No Drama,"Becky G, Ozuna",2020-10-30,5Jq958VQwRyQFujau4TMKD,"1,089",50
Se iluminaba,"Fred De Palma, Ana Mena",2020-10-30,3VPOZWtj8mM89IiRNygxgS,"1,087",51
Favorito,Camilo,2020-10-30,0jT8Nl0shPS8115is0wD2Q,"1,080",52
Yo No Voy,Morad,2020-10-30,2tuL5CiDgPwwJXTFxUlfpX,"1,075",53
"Agua (with J Balvin) - Music From ""Sponge On The Run"" Movie",Tainy,2020-10-30,1pqnQ41XbfKjaFu6M0eGJp,"1,057",54
Savage Love (Laxed - Siren Beat),"Jawsh 685, Jason Derulo",2020-10-30,1xQ6trAsedVPCdbtDAmk0c,"1,007",55
DÁKITI,"Bad Bunny, Jhay Cortez",2020-11-06,47EiUVwUp4C9fGccaPuUCS,"9,904",1
Tú Me Dejaste De Querer,"C. Tangana, Niño de Elche, La Húngara",2020-11-06,0XinBYhf1X3kdvKQHOX971,"8,505",2
La Nota,"Manuel Turizo, Rauw Alejandro, Myke Towers",2020-11-06,7ndTONDDRFGiPnnhOzOXxq,"3,570",3
Demasiadas Mujeres,C. Tangana,2020-11-06,2iUz95Osgl4fFZbNJ0xuoD,"3,469",4
Hawái,Maluma,2020-11-06,1yoMvmasuxZfqHEipJhRbp,"3,093",5
Mi Niña,"Wisin, Myke Towers, Los Legendarios",2020-11-06,2bgcUk2A3jjKbCJ7KPquTi,"2,967",6
Problemas,Paris Boy,2020-11-06,2aQJOc2QUTdQl1J2Z9VxYO,"2,930",7
Relación - Remix,"Sech, Daddy Yankee, J Balvin, ROSALÍA, Farruko",2020-11-06,35UUpTmrcFXNIVIN26ujXl,"2,868",8
Despeinada,"Ozuna, Camilo",2020-11-06,0JAZWvvqttGFm4UMDsPQXC,"2,681",9
La Luz,"Sech, J Balvin",2020-11-06,5zj8WNkBrEzlI5FKeYV4ol,"2,522",10
Una Locura,"Ozuna, J Balvin, Chencho Corleone",2020-11-06,5y7DaS3jAc9eZzcSOoUIwU,"2,405",11
A Un Paso De La Luna,"Ana Mena, Rocco Hunt",2020-11-06,7ql2RUmAmj36tkMUNWo7MT,"2,361",12
Vida de Rico,Camilo,2020-11-06,73nAK3HgQK8dak83Y2WQ8F,"2,291",13
Entre tú y yo,Chema Rivas,2020-11-06,2nleoafEjZ3h1NUtkz6i1X,"2,242",14
Mood (feat. iann dior),24kGoldn,2020-11-06,3tjFYV6RSFtuktYl3ZtYcq,"2,136",15
Lonely (with benny blanco),Justin Bieber,2020-11-06,4y4spB9m0Q6026KfkAvy9Q,"2,028",16
La Curiosidad,"Jay Wheeler, DJ Nelson, Myke Towers",2020-11-06,4HYDUMY0xSpeBr0AMY9cUz,"2,022",17
La Tóxica,Farruko,2020-11-06,15OjBeqNX3bShsGYQbteRv,"1,999",18
Se Te Nota (with Guaynaa),Lele Pons,2020-11-06,11EnQRgRMJwMAesfkB5pnu,"1,933",19
UN DIA (ONE DAY) (Feat. Tainy),"J Balvin, Dua Lipa, Bad Bunny",2020-11-06,0EhpEsp4L0oRGM0vmeaN5e,"1,847",20
Ayer Me Llamó Mi Ex (feat. Lenny Santos),KHEA,2020-11-06,6C6mUonH6MNdSg5pw7kOc9,"1,838",21
Tattoo - Remix with Camilo,Rauw Alejandro,2020-11-06,4ZRrLHqzhGRXYj2qcB4s5S,"1,772",22
Jeans,Justin Quiles,2020-11-06,3GtnId3Cm1Xa6joCj08nzW,"1,751",23
Mami,"Ptazeta, Juacko",2020-11-06,55C0glNSvxJDCfgHwiCZb1,"1,619",24
Jerusalema (feat. Nomcebo Zikode),Master KG,2020-11-06,2MlOUXmcofMackX3bxfSwi,"1,607",25
Caramelo,Ozuna,2020-11-06,5Jm4w8jmPEBTLjI9vH4fXo,"1,602",26
"Ay, DiOs Mío!",KAROL G,2020-11-06,7x4ASXYEKfQBCewcZhK776,"1,566",27
Enchule,Rauw Alejandro,2020-11-06,3ThrfRAmijYU098H9q9tAs,"1,566",28
Mamichula - con Nicki Nicole,"Trueno, Bizarrap, Taiu, TATOOL",2020-11-06,4pXW6ZAHBz7ODXTRKklWrM,"1,504",29
Del Mar,"Ozuna, Doja Cat, Sia",2020-11-06,5cpJFiNwYyWwFLH0V6B3N8,"1,444",30
Chica Ideal,"Sebastian Yatra, Guaynaa",2020-11-06,21N4Buj4xsyLb218lYle61,"1,436",31
Reloj,"Rauw Alejandro, Anuel AA",2020-11-06,7r9ZhitdQBONTFOiJW5mr8,"1,435",32
Yo No Voy,Morad,2020-11-06,2tuL5CiDgPwwJXTFxUlfpX,"1,432",33
Parce (feat. Justin Quiles),"Maluma, Lenny Tavárez",2020-11-06,4RJz8NfIe09gpKMiRUWKhJ,"1,429",34
Don Don,"Daddy Yankee, Anuel AA, Kendo Kaponi",2020-11-06,3kml9ZdpT7UYk1ugkjqOzt,"1,427",35
BICHOTA,KAROL G,2020-11-06,7vrJn5hDSXRmdXoR30KgF1,"1,396",36
Hawái - Remix,"Maluma, The Weeknd",2020-11-06,0GzuHFG4Ql6DoyxFRnIk3F,"1,357",37
Nunca Estoy,C. Tangana,2020-11-06,6f4LYJwICqxoAILj82kwB0,"1,354",38
Watermelon Sugar,Harry Styles,2020-11-06,6UelLqGlWMcVH1E5c4H7lY,"1,352",39
Blinding Lights,The Weeknd,2020-11-06,0VjIjW4GlUZAMYd2vXMi3b,"1,348",40
Como Estrellas,LA YOUNG,2020-11-06,3Iql4v0ISjuMqj7MNkuWJX,"1,249",41
"Lemonade (feat. Gunna, Don Toliver & NAV)",Internet Money,2020-11-06,7hxHWCCAIIxFLCzvDgnQHX,"1,221",42
What You Know Bout Love,Pop Smoke,2020-11-06,1tkg4EHVoqnhR6iFEXb60y,"1,204",43
Mi Cuarto,Jerry Di,2020-11-06,6fmQjRuo7XvRFCK2qex5hQ,"1,198",44
positions,Ariana Grande,2020-11-06,35mvY5S1H3J2QZyna3TFe0,"1,171",45
Tusa,"KAROL G, Nicki Minaj",2020-11-06,7k4t7uLgtOxPwTpFmtJNTY,"1,136",46
Breaking Me,"Topic, A7S",2020-11-06,3H7ihDc1dqLriiWXwsc2po,"1,109",47
Djadja (feat. Maluma) - Remix,Aya Nakamura,2020-11-06,13vDU8nPsvTGEVTMB8Vw7g,"1,106",48
"Agua (with J Balvin) - Music From ""Sponge On The Run"" Movie",Tainy,2020-11-06,1pqnQ41XbfKjaFu6M0eGJp,"1,071",49
La Jeepeta - Remix,"Nio Garcia, Anuel AA, Myke Towers, Brray, Juanka",2020-11-06,6bvfJf4KjonPMuPfGfy3S2,"1,056",50
Dynamite,BTS,2020-11-06,0t1kP63rueHleOhQkYSXFY,"1,047",51
Head & Heart (feat. MNEK),Joel Corry,2020-11-06,6cx06DFPPHchuUAcTxznu9,"1,007",52
cómo te va?,"Lola Indigo, Beret",2020-11-06,3lf6mWt6LkbQ4OarnxrBGD,"1,002",53
DÁKITI,"Bad Bunny, Jhay Cortez",2020-11-13,47EiUVwUp4C9fGccaPuUCS,"9,400",1
Tú Me Dejaste De Querer,"C. Tangana, Niño de Elche, La Húngara",2020-11-13,0XinBYhf1X3kdvKQHOX971,"7,565",2
La Nota,"Manuel Turizo, Rauw Alejandro, Myke Towers",2020-11-13,7ndTONDDRFGiPnnhOzOXxq,"3,411",3
Demasiadas Mujeres,C. Tangana,2020-11-13,2iUz95Osgl4fFZbNJ0xuoD,"3,029",4
Mi Niña,"Wisin, Myke Towers, Los Legendarios",2020-11-13,2bgcUk2A3jjKbCJ7KPquTi,"3,004",5
Hawái,Maluma,2020-11-13,1yoMvmasuxZfqHEipJhRbp,"2,996",6
Problemas,Paris Boy,2020-11-13,2aQJOc2QUTdQl1J2Z9VxYO,"2,735",7
Relación - Remix,"Sech, Daddy Yankee, J Balvin, ROSALÍA, Farruko",2020-11-13,35UUpTmrcFXNIVIN26ujXl,"2,712",8
A Un Paso De La Luna,"Ana Mena, Rocco Hunt",2020-11-13,7ql2RUmAmj36tkMUNWo7MT,"2,472",9
Despeinada,"Ozuna, Camilo",2020-11-13,0JAZWvvqttGFm4UMDsPQXC,"2,459",10
La Luz,"Sech, J Balvin",2020-11-13,5zj8WNkBrEzlI5FKeYV4ol,"2,453",11
Entre tú y yo,Chema Rivas,2020-11-13,2nleoafEjZ3h1NUtkz6i1X,"2,261",12
Una Locura,"Ozuna, J Balvin, Chencho Corleone",2020-11-13,5y7DaS3jAc9eZzcSOoUIwU,"2,246",13
Vida de Rico,Camilo,2020-11-13,73nAK3HgQK8dak83Y2WQ8F,"2,198",14
Mood (feat. iann dior),24kGoldn,2020-11-13,3tjFYV6RSFtuktYl3ZtYcq,"2,182",15
Chica Ideal,"Sebastian Yatra, Guaynaa",2020-11-13,21N4Buj4xsyLb218lYle61,"1,983",16
La Curiosidad,"Jay Wheeler, DJ Nelson, Myke Towers",2020-11-13,4HYDUMY0xSpeBr0AMY9cUz,"1,970",17
La Tóxica,Farruko,2020-11-13,15OjBeqNX3bShsGYQbteRv,"1,960",18
BICHOTA,KAROL G,2020-11-13,7vrJn5hDSXRmdXoR30KgF1,"1,957",19
UN DIA (ONE DAY) (Feat. Tainy),"J Balvin, Dua Lipa, Bad Bunny",2020-11-13,0EhpEsp4L0oRGM0vmeaN5e,"1,920",20
Lonely (with benny blanco),Justin Bieber,2020-11-13,4y4spB9m0Q6026KfkAvy9Q,"1,831",21
Jeans,Justin Quiles,2020-11-13,3GtnId3Cm1Xa6joCj08nzW,"1,730",22
Se Te Nota (with Guaynaa),Lele Pons,2020-11-13,11EnQRgRMJwMAesfkB5pnu,"1,652",23
Tattoo - Remix with Camilo,Rauw Alejandro,2020-11-13,4G3PTss3mU33Tau7t4KbwE,"1,625",24
Motorola,Morad,2020-11-13,3XkPX66UVP2FhtnvJBzpl1,"1,582",25
Jerusalema (feat. Nomcebo Zikode),Master KG,2020-11-13,2MlOUXmcofMackX3bxfSwi,"1,568",26
Del Mar,"Ozuna, Doja Cat, Sia",2020-11-13,5cpJFiNwYyWwFLH0V6B3N8,"1,561",27
Reloj,"Rauw Alejandro, Anuel AA",2020-11-13,4loQgPwJHocL3dFwLfjb1J,"1,542",28
De Cora <3,"Rauw Alejandro, J Balvin",2020-11-13,22Sh5dlwbERqJAq1fZk5b2,"1,541",29
Therefore I Am,Billie Eilish,2020-11-13,54bFM56PmE4YLRnqpW6Tha,"1,538",30
Yo No Voy,Morad,2020-11-13,2tuL5CiDgPwwJXTFxUlfpX,"1,520",31
Hawái - Remix,"Maluma, The Weeknd",2020-11-13,0GzuHFG4Ql6DoyxFRnIk3F,"1,481",32
Enchule,Rauw Alejandro,2020-11-13,0S9ZVNTNRzLMgb96tmmG1u,"1,478",33
Parce (feat. Justin Quiles),"Maluma, Lenny Tavárez",2020-11-13,4RJz8NfIe09gpKMiRUWKhJ,"1,472",34
Ayer Me Llamó Mi Ex (feat. Lenny Santos),KHEA,2020-11-13,6C6mUonH6MNdSg5pw7kOc9,"1,460",35
Mami,"Ptazeta, Juacko",2020-11-13,55C0glNSvxJDCfgHwiCZb1,"1,413",36
Nicki Minaj,"Diktion, Xexiii, S.R Flex One",2020-11-13,2UUpUZwyPvr7SE0iyhO4PO,"1,389",37
Mamichula - con Nicki Nicole,"Trueno, Bizarrap, Taiu, TATOOL",2020-11-13,4pXW6ZAHBz7ODXTRKklWrM,"1,383",38
Watermelon Sugar,Harry Styles,2020-11-13,6UelLqGlWMcVH1E5c4H7lY,"1,369",39
Caramelo,Ozuna,2020-11-13,5Jm4w8jmPEBTLjI9vH4fXo,"1,361",40
Don Don,"Daddy Yankee, Anuel AA, Kendo Kaponi",2020-11-13,3kml9ZdpT7UYk1ugkjqOzt,"1,332",41
Blinding Lights,The Weeknd,2020-11-13,0VjIjW4GlUZAMYd2vXMi3b,"1,330",42
"Ay, DiOs Mío!",KAROL G,2020-11-13,7x4ASXYEKfQBCewcZhK776,"1,290",43
Mi Cuarto,Jerry Di,2020-11-13,6fmQjRuo7XvRFCK2qex5hQ,"1,204",44
Nunca Estoy,C. Tangana,2020-11-13,6f4LYJwICqxoAILj82kwB0,"1,194",45
Tusa,"KAROL G, Nicki Minaj",2020-11-13,7k4t7uLgtOxPwTpFmtJNTY,"1,141",46
What You Know Bout Love,Pop Smoke,2020-11-13,1tkg4EHVoqnhR6iFEXb60y,"1,131",47
"Lemonade (feat. Gunna, Don Toliver & NAV)",Internet Money,2020-11-13,7hxHWCCAIIxFLCzvDgnQHX,"1,123",48
Djadja (feat. Maluma) - Remix,Aya Nakamura,2020-11-13,13vDU8nPsvTGEVTMB8Vw7g,"1,115",49
positions,Ariana Grande,2020-11-13,35mvY5S1H3J2QZyna3TFe0,"1,108",50
Head & Heart (feat. MNEK),Joel Corry,2020-11-13,6cx06DFPPHchuUAcTxznu9,"1,089",51
Breaking Me,"Topic, A7S",2020-11-13,3H7ihDc1dqLriiWXwsc2po,"1,069",52
Como Estrellas,LA YOUNG,2020-11-13,3Iql4v0ISjuMqj7MNkuWJX,"1,020",53
DÁKITI,"Bad Bunny, Jhay Cortez",2020-11-20,47EiUVwUp4C9fGccaPuUCS,"9,145",1
Tú Me Dejaste De Querer,"C. Tangana, Niño de Elche, La Húngara",2020-11-20,0XinBYhf1X3kdvKQHOX971,"6,169",2
La Nota,"Manuel Turizo, Rauw Alejandro, Myke Towers",2020-11-20,7ndTONDDRFGiPnnhOzOXxq,"3,105",3
Mi Niña,"Wisin, Myke Towers, Los Legendarios",2020-11-20,2bgcUk2A3jjKbCJ7KPquTi,"2,912",4
Hawái,Maluma,2020-11-20,1yoMvmasuxZfqHEipJhRbp,"2,717",5
BICHOTA,KAROL G,2020-11-20,7vrJn5hDSXRmdXoR30KgF1,"2,560",6
Problemas,Paris Boy,2020-11-20,2aQJOc2QUTdQl1J2Z9VxYO,"2,503",7
Relación - Remix,"Sech, Daddy Yankee, J Balvin, ROSALÍA, Farruko",2020-11-20,35UUpTmrcFXNIVIN26ujXl,"2,496",8
Chica Ideal,"Sebastian Yatra, Guaynaa",2020-11-20,21N4Buj4xsyLb218lYle61,"2,461",9
A Un Paso De La Luna,"Ana Mena, Rocco Hunt",2020-11-20,7ql2RUmAmj36tkMUNWo7MT,"2,452",10
Demasiadas Mujeres,C. Tangana,2020-11-20,2iUz95Osgl4fFZbNJ0xuoD,"2,392",11
Despeinada,"Ozuna, Camilo",2020-11-20,0JAZWvvqttGFm4UMDsPQXC,"2,256",12
Entre tú y yo,Chema Rivas,2020-11-20,2nleoafEjZ3h1NUtkz6i1X,"2,177",13
Vida de Rico,Camilo,2020-11-20,73nAK3HgQK8dak83Y2WQ8F,"2,150",14
La Luz,"Sech, J Balvin",2020-11-20,5zj8WNkBrEzlI5FKeYV4ol,"2,139",15
Una Locura,"Ozuna, J Balvin, Chencho Corleone",2020-11-20,5y7DaS3jAc9eZzcSOoUIwU,"2,087",16
Mood (feat. iann dior),24kGoldn,2020-11-20,3tjFYV6RSFtuktYl3ZtYcq,"1,941",17
Motorola,Morad,2020-11-20,3XkPX66UVP2FhtnvJBzpl1,"1,914",18
La Tóxica,Farruko,2020-11-20,15OjBeqNX3bShsGYQbteRv,"1,861",19
La Curiosidad,"Jay Wheeler, DJ Nelson, Myke Towers",2020-11-20,4HYDUMY0xSpeBr0AMY9cUz,"1,853",20
Hecha Pa' Mi,Boza,2020-11-20,3VvA1wSxukMLsvXoXtlwWx,"1,772",21
Reloj,"Rauw Alejandro, Anuel AA",2020-11-20,4loQgPwJHocL3dFwLfjb1J,"1,704",22
Lonely (with benny blanco),Justin Bieber,2020-11-20,4y4spB9m0Q6026KfkAvy9Q,"1,696",23
Del Mar,"Ozuna, Doja Cat, Sia",2020-11-20,5cpJFiNwYyWwFLH0V6B3N8,"1,678",24
UN DIA (ONE DAY) (Feat. Tainy),"J Balvin, Dua Lipa, Bad Bunny",2020-11-20,0EhpEsp4L0oRGM0vmeaN5e,"1,662",25
Jeans,Justin Quiles,2020-11-20,3GtnId3Cm1Xa6joCj08nzW,"1,657",26
Se Te Nota (with Guaynaa),Lele Pons,2020-11-20,11EnQRgRMJwMAesfkB5pnu,"1,577",27
De Cora <3,"Rauw Alejandro, J Balvin",2020-11-20,22Sh5dlwbERqJAq1fZk5b2,"1,516",28
Tattoo - Remix with Camilo,Rauw Alejandro,2020-11-20,4G3PTss3mU33Tau7t4KbwE,"1,476",29
Jerusalema (feat. Nomcebo Zikode),Master KG,2020-11-20,2MlOUXmcofMackX3bxfSwi,"1,431",30
Yo No Voy,Morad,2020-11-20,2tuL5CiDgPwwJXTFxUlfpX,"1,425",31
Parce (feat. Justin Quiles),"Maluma, Lenny Tavárez",2020-11-20,4RJz8NfIe09gpKMiRUWKhJ,"1,414",32
Polvo,"Nicky Jam, Myke Towers",2020-11-20,68mrW6gXHgupgSiDHgaDi5,"1,413",33
Monster (Shawn Mendes & Justin Bieber),Shawn Mendes,2020-11-20,2Z8yfpFX0ZMavHkcIeHiO1,"1,384",34
Watermelon Sugar,Harry Styles,2020-11-20,6UelLqGlWMcVH1E5c4H7lY,"1,311",35
Ayer Me Llamó Mi Ex (feat. Lenny Santos),KHEA,2020-11-20,6C6mUonH6MNdSg5pw7kOc9,"1,311",36
Mami,"Ptazeta, Juacko",2020-11-20,55C0glNSvxJDCfgHwiCZb1,"1,301",37
"Ay, DiOs Mío!",KAROL G,2020-11-20,7x4ASXYEKfQBCewcZhK776,"1,283",38
Caramelo,Ozuna,2020-11-20,5Jm4w8jmPEBTLjI9vH4fXo,"1,273",39
Blinding Lights,The Weeknd,2020-11-20,0VjIjW4GlUZAMYd2vXMi3b,"1,272",40
Enchule,Rauw Alejandro,2020-11-20,0S9ZVNTNRzLMgb96tmmG1u,"1,227",41
Mamichula - con Nicki Nicole,"Trueno, Bizarrap, Taiu, TATOOL",2020-11-20,4pXW6ZAHBz7ODXTRKklWrM,"1,202",42
Don Don,"Daddy Yankee, Anuel AA, Kendo Kaponi",2020-11-20,3kml9ZdpT7UYk1ugkjqOzt,"1,182",43
Therefore I Am,Billie Eilish,2020-11-20,54bFM56PmE4YLRnqpW6Tha,"1,156",44
Tusa,"KAROL G, Nicki Minaj",2020-11-20,7k4t7uLgtOxPwTpFmtJNTY,"1,115",45
Mi Cuarto,Jerry Di,2020-11-20,6fmQjRuo7XvRFCK2qex5hQ,"1,101",46
positions,Ariana Grande,2020-11-20,35mvY5S1H3J2QZyna3TFe0,"1,058",47
"Lemonade (feat. Gunna, Don Toliver & NAV)",Internet Money,2020-11-20,7hxHWCCAIIxFLCzvDgnQHX,"1,052",48
Como Estrellas,LA YOUNG,2020-11-20,3Iql4v0ISjuMqj7MNkuWJX,"1,042",49
Hawái - Remix,"Maluma, The Weeknd",2020-11-20,0GzuHFG4Ql6DoyxFRnIk3F,"1,035",50
DÁKITI,"Bad Bunny, Jhay Cortez",2020-11-27,4MzXwWMhyBbmu6hOcLVD49,"9,177",1
LA NOCHE DE ANOCHE,"Bad Bunny, ROSALÍA",2020-11-27,2XIc1pqjXV3Cr2BQUGNBck,"5,966",2
Tú Me Dejaste De Querer,"C. Tangana, Niño de Elche, La Húngara",2020-11-27,0XinBYhf1X3kdvKQHOX971,"5,092",3
TE MUDASTE,Bad Bunny,2020-11-27,5RubKOuDoPn5Kj5TLVxSxY,"3,101",4
YO VISTO ASÍ,Bad Bunny,2020-11-27,5fROvzNghPid8mbKNDYvpJ,"3,019",5
La Nota,"Manuel Turizo, Rauw Alejandro, Myke Towers",2020-11-27,7ndTONDDRFGiPnnhOzOXxq,"2,777",6
BICHOTA,KAROL G,2020-11-27,7vrJn5hDSXRmdXoR30KgF1,"2,702",7
Hecha Pa' Mi,Boza,2020-11-27,3VvA1wSxukMLsvXoXtlwWx,"2,431",8
Hawái,Maluma,2020-11-27,1yoMvmasuxZfqHEipJhRbp,"2,423",9
Mi Niña,"Wisin, Myke Towers, Los Legendarios",2020-11-27,2bgcUk2A3jjKbCJ7KPquTi,"2,383",10
Chica Ideal,"Sebastian Yatra, Guaynaa",2020-11-27,21N4Buj4xsyLb218lYle61,"2,357",11
HACIENDO QUE ME AMAS,Bad Bunny,2020-11-27,26QApq0cuO9brJigr0C0W4,"2,322",12
Vida de Rico,Camilo,2020-11-27,73nAK3HgQK8dak83Y2WQ8F,"2,301",13
Relación - Remix,"Sech, Daddy Yankee, J Balvin, ROSALÍA, Farruko",2020-11-27,35UUpTmrcFXNIVIN26ujXl,"2,216",14
A Un Paso De La Luna,"Ana Mena, Rocco Hunt",2020-11-27,7ql2RUmAmj36tkMUNWo7MT,"2,198",15
Despeinada,"Ozuna, Camilo",2020-11-27,0JAZWvvqttGFm4UMDsPQXC,"2,079",16
Problemas,Paris Boy,2020-11-27,2aQJOc2QUTdQl1J2Z9VxYO,"2,038",17
TE DESEO LO MEJOR,Bad Bunny,2020-11-27,23XjN1s3DZC8Q9ZwuorYY4,"1,933",18
La Luz,"Sech, J Balvin",2020-11-27,5zj8WNkBrEzlI5FKeYV4ol,"1,868",19
Una Locura,"Ozuna, J Balvin, Chencho Corleone",2020-11-27,5y7DaS3jAc9eZzcSOoUIwU,"1,848",20
Demasiadas Mujeres,C. Tangana,2020-11-27,2iUz95Osgl4fFZbNJ0xuoD,"1,834",21
LA DROGA,Bad Bunny,2020-11-27,67ACYA3UI6QMNtHX6b34wX,"1,740",22
BOOKER T,Bad Bunny,2020-11-27,26w9NTiE9NGjW1ZvIOd1So,"1,729",23
La Curiosidad,"Jay Wheeler, DJ Nelson, Myke Towers",2020-11-27,4HYDUMY0xSpeBr0AMY9cUz,"1,707",24
Entre tú y yo,Chema Rivas,2020-11-27,2nleoafEjZ3h1NUtkz6i1X,"1,698",25
Mood (feat. iann dior),24kGoldn,2020-11-27,3tjFYV6RSFtuktYl3ZtYcq,"1,655",26
Blinding Lights,The Weeknd,2020-11-27,0VjIjW4GlUZAMYd2vXMi3b,"1,651",27
Motorola,Morad,2020-11-27,3XkPX66UVP2FhtnvJBzpl1,"1,614",28
MALDITA POBREZA,Bad Bunny,2020-11-27,0Lsis3LB0XAK6XlTHXaJk2,"1,607",29
La Tóxica,Farruko,2020-11-27,15OjBeqNX3bShsGYQbteRv,"1,606",30
Tattoo - Remix with Camilo,Rauw Alejandro,2020-11-27,4G3PTss3mU33Tau7t4KbwE,"1,589",31
EL MUNDO ES MÍO,Bad Bunny,2020-11-27,36DHxTW2xdr9GG15T9oK9L,"1,587",32
Reloj,"Rauw Alejandro, Anuel AA",2020-11-27,4loQgPwJHocL3dFwLfjb1J,"1,584",33
Del Mar,"Ozuna, Doja Cat, Sia",2020-11-27,5cpJFiNwYyWwFLH0V6B3N8,"1,535",34
UN DIA (ONE DAY) (Feat. Tainy),"J Balvin, Dua Lipa, Bad Bunny",2020-11-27,0EhpEsp4L0oRGM0vmeaN5e,"1,514",35
Jeans,Justin Quiles,2020-11-27,3GtnId3Cm1Xa6joCj08nzW,"1,478",36
HOY COBRÉ,Bad Bunny,2020-11-27,0tjZv2hChdHZCW1zFXpy1J,"1,412",37
ANTES QUE SE ACABE,Bad Bunny,2020-11-27,7kjEqI6eZ7YlFrGhxixnlN,"1,406",38
120,Bad Bunny,2020-11-27,3KJ3opyV29269SXkPrc19l,"1,406",39
Yo No Voy,Morad,2020-11-27,2tuL5CiDgPwwJXTFxUlfpX,"1,396",40
Polvo,"Nicky Jam, Myke Towers",2020-11-27,68mrW6gXHgupgSiDHgaDi5,"1,380",41
Lonely (with benny blanco),Justin Bieber,2020-11-27,4y4spB9m0Q6026KfkAvy9Q,"1,374",42
Se Te Nota (with Guaynaa),Lele Pons,2020-11-27,11EnQRgRMJwMAesfkB5pnu,"1,307",43
Caramelo,Ozuna,2020-11-27,5Jm4w8jmPEBTLjI9vH4fXo,"1,291",44
Jerusalema (feat. Nomcebo Zikode),Master KG,2020-11-27,2MlOUXmcofMackX3bxfSwi,"1,278",45
Ayer Me Llamó Mi Ex (feat. Lenny Santos),KHEA,2020-11-27,6C6mUonH6MNdSg5pw7kOc9,"1,274",46
SORRY PAPI,"Bad Bunny, ABRA",2020-11-27,5jZ32WOU7sqzDYbzINwMUk,"1,224",47
"Ay, DiOs Mío!",KAROL G,2020-11-27,7x4ASXYEKfQBCewcZhK776,"1,203",48
Anuel AA (Me Contagie 2),Musica-Musica,2020-11-27,1fogLX0HMMIAX2t6JIv4Nk,"1,195",49
Mamichula - con Nicki Nicole,"Trueno, Bizarrap, Taiu, TATOOL",2020-11-27,4pXW6ZAHBz7ODXTRKklWrM,"1,192",50
De Cora <3,"Rauw Alejandro, J Balvin",2020-11-27,22Sh5dlwbERqJAq1fZk5b2,"1,182",51
Tusa,"KAROL G, Nicki Minaj",2020-11-27,7k4t7uLgtOxPwTpFmtJNTY,"1,179",52
Monster (Shawn Mendes & Justin Bieber),Shawn Mendes,2020-11-27,2Z8yfpFX0ZMavHkcIeHiO1,"1,178",53
Watermelon Sugar,Harry Styles,2020-11-27,6UelLqGlWMcVH1E5c4H7lY,"1,136",54
Parce (feat. Justin Quiles),"Maluma, Lenny Tavárez",2020-11-27,4RJz8NfIe09gpKMiRUWKhJ,"1,121",55
TRELLAS,Bad Bunny,2020-11-27,09WAnxdBuebQopKhJT3oZS,"1,080",56
"Nathy Peluso: Bzrp Music Sessions, Vol. 36","Bizarrap, Nathy Peluso",2020-11-27,78SeXVRJ7KCqVmOwTiFjnI,"1,073",57
Don Don,"Daddy Yankee, Anuel AA, Kendo Kaponi",2020-11-27,3kml9ZdpT7UYk1ugkjqOzt,"1,070",58
Mi Cuarto,Jerry Di,2020-11-27,6fmQjRuo7XvRFCK2qex5hQ,"1,015",59
Favorito,Camilo,2020-11-27,0jT8Nl0shPS8115is0wD2Q,"1,010",60
DÁKITI,"Bad Bunny, Jhay Cortez",2020-12-04,4MzXwWMhyBbmu6hOcLVD49,"7,159",1
LA NOCHE DE ANOCHE,"Bad Bunny, ROSALÍA",2020-12-04,2XIc1pqjXV3Cr2BQUGNBck,"4,830",2
Tú Me Dejaste De Querer,"C. Tangana, Niño de Elche, La Húngara",2020-12-04,0XinBYhf1X3kdvKQHOX971,"4,427",3
BICHOTA,KAROL G,2020-12-04,7vrJn5hDSXRmdXoR30KgF1,"2,919",4
Hecha Pa' Mi,Boza,2020-12-04,3VvA1wSxukMLsvXoXtlwWx,"2,508",5
La Nota,"Manuel Turizo, Rauw Alejandro, Myke Towers",2020-12-04,7ndTONDDRFGiPnnhOzOXxq,"2,485",6
TE MUDASTE,Bad Bunny,2020-12-04,5RubKOuDoPn5Kj5TLVxSxY,"2,355",7
Hawái,Maluma,2020-12-04,1yoMvmasuxZfqHEipJhRbp,"2,334",8
Chica Ideal,"Sebastian Yatra, Guaynaa",2020-12-04,21N4Buj4xsyLb218lYle61,"2,290",9
Vida de Rico,Camilo,2020-12-04,73nAK3HgQK8dak83Y2WQ8F,"2,279",10
Mi Niña,"Wisin, Myke Towers, Los Legendarios",2020-12-04,2bgcUk2A3jjKbCJ7KPquTi,"2,207",11
A Un Paso De La Luna,"Ana Mena, Rocco Hunt",2020-12-04,7ql2RUmAmj36tkMUNWo7MT,"2,179",12
"Nathy Peluso: Bzrp Music Sessions, Vol. 36","Bizarrap, Nathy Peluso",2020-12-04,78SeXVRJ7KCqVmOwTiFjnI,"2,057",13
Relación - Remix,"Sech, Daddy Yankee, J Balvin, ROSALÍA, Farruko",2020-12-04,35UUpTmrcFXNIVIN26ujXl,"1,983",14
Despeinada,"Ozuna, Camilo",2020-12-04,0JAZWvvqttGFm4UMDsPQXC,"1,967",15
Blinding Lights,The Weeknd,2020-12-04,0VjIjW4GlUZAMYd2vXMi3b,"1,867",16
Problemas,Paris Boy,2020-12-04,2aQJOc2QUTdQl1J2Z9VxYO,"1,853",17
La Curiosidad,"Jay Wheeler, DJ Nelson, Myke Towers",2020-12-04,4HYDUMY0xSpeBr0AMY9cUz,"1,693",18
La Luz,"Sech, J Balvin",2020-12-04,5zj8WNkBrEzlI5FKeYV4ol,"1,666",19
Una Locura,"Ozuna, J Balvin, Chencho Corleone",2020-12-04,5y7DaS3jAc9eZzcSOoUIwU,"1,665",20
Demasiadas Mujeres,C. Tangana,2020-12-04,2iUz95Osgl4fFZbNJ0xuoD,"1,661",21
BEBÉ,"Camilo, El Alfa",2020-12-04,7D7EH7MGyNHWSkqrszerI1,"1,633",22
YO VISTO ASÍ,Bad Bunny,2020-12-04,5fROvzNghPid8mbKNDYvpJ,"1,583",23
Tattoo - Remix with Camilo,Rauw Alejandro,2020-12-04,4G3PTss3mU33Tau7t4KbwE,"1,580",24
Mood (feat. iann dior),24kGoldn,2020-12-04,3tjFYV6RSFtuktYl3ZtYcq,"1,555",25
Del Mar,"Ozuna, Doja Cat, Sia",2020-12-04,5cpJFiNwYyWwFLH0V6B3N8,"1,541",26
Motorola,Morad,2020-12-04,3XkPX66UVP2FhtnvJBzpl1,"1,523",27
All I Want for Christmas Is You,Mariah Carey,2020-12-04,0bYg9bo50gSsH3LtXe2SQn,"1,459",28
La Tóxica,Farruko,2020-12-04,15OjBeqNX3bShsGYQbteRv,"1,434",29
Entre tú y yo,Chema Rivas,2020-12-04,2nleoafEjZ3h1NUtkz6i1X,"1,426",30
Blinding Lights (with ROSALÍA) - Remix,The Weeknd,2020-12-04,7MXgrcOQAJ5VwSNUL0lDd3,"1,417",31
Mamichula - con Nicki Nicole,"Trueno, Bizarrap, Taiu, TATOOL",2020-12-04,4pXW6ZAHBz7ODXTRKklWrM,"1,400",32
Tusa,"KAROL G, Nicki Minaj",2020-12-04,7k4t7uLgtOxPwTpFmtJNTY,"1,372",33
HACIENDO QUE ME AMAS,Bad Bunny,2020-12-04,26QApq0cuO9brJigr0C0W4,"1,351",34
UN DIA (ONE DAY) (Feat. Tainy),"J Balvin, Dua Lipa, Bad Bunny",2020-12-04,0EhpEsp4L0oRGM0vmeaN5e,"1,321",35
Polvo,"Nicky Jam, Myke Towers",2020-12-04,68mrW6gXHgupgSiDHgaDi5,"1,316",36
Yo No Voy,Morad,2020-12-04,2tuL5CiDgPwwJXTFxUlfpX,"1,293",37
Reloj,"Rauw Alejandro, Anuel AA",2020-12-04,4loQgPwJHocL3dFwLfjb1J,"1,279",38
Lonely (with benny blanco),Justin Bieber,2020-12-04,4y4spB9m0Q6026KfkAvy9Q,"1,266",39
Caramelo,Ozuna,2020-12-04,5Jm4w8jmPEBTLjI9vH4fXo,"1,258",40
"Ay, DiOs Mío!",KAROL G,2020-12-04,7x4ASXYEKfQBCewcZhK776,"1,236",41
Jeans,Justin Quiles,2020-12-04,3GtnId3Cm1Xa6joCj08nzW,"1,214",42
Watermelon Sugar,Harry Styles,2020-12-04,6UelLqGlWMcVH1E5c4H7lY,"1,210",43
De Cora <3,"Rauw Alejandro, J Balvin",2020-12-04,22Sh5dlwbERqJAq1fZk5b2,"1,118",44
Ayer Me Llamó Mi Ex (feat. Lenny Santos),KHEA,2020-12-04,6C6mUonH6MNdSg5pw7kOc9,"1,087",45
Parce (feat. Justin Quiles),"Maluma, Lenny Tavárez",2020-12-04,4RJz8NfIe09gpKMiRUWKhJ,"1,087",46
Jerusalema (feat. Nomcebo Zikode),Master KG,2020-12-04,2MlOUXmcofMackX3bxfSwi,"1,078",47
Favorito,Camilo,2020-12-04,0jT8Nl0shPS8115is0wD2Q,"1,053",48
Se Te Nota (with Guaynaa),Lele Pons,2020-12-04,11EnQRgRMJwMAesfkB5pnu,"1,051",49
Me Contagie,Emanuel A,2020-12-04,7yZeSXxM2W8QWeCKZwYUDE,"1,047",50
Mi Cuarto,Jerry Di,2020-12-04,6fmQjRuo7XvRFCK2qex5hQ,"1,016",51
Monster (Shawn Mendes & Justin Bieber),Shawn Mendes,2020-12-04,1HbA4N1MiOsPthALesGFR1,"1,013",52
DÁKITI,"Bad Bunny, Jhay Cortez",2020-12-18,4MzXwWMhyBbmu6hOcLVD49,"6,835",1
LA NOCHE DE ANOCHE,"Bad Bunny, ROSALÍA",2020-12-18,2XIc1pqjXV3Cr2BQUGNBck,"4,855",2
Tú Me Dejaste De Querer,"C. Tangana, Niño de Elche, La Húngara",2020-12-18,0XinBYhf1X3kdvKQHOX971,"4,535",3
BICHOTA,KAROL G,2020-12-18,7vrJn5hDSXRmdXoR30KgF1,"3,365",4
Hecha Pa' Mi,Boza,2020-12-18,3VvA1wSxukMLsvXoXtlwWx,"3,199",5
La Nota,"Manuel Turizo, Rauw Alejandro, Myke Towers",2020-12-18,7ndTONDDRFGiPnnhOzOXxq,"2,881",6
"Nathy Peluso: Bzrp Music Sessions, Vol. 36","Bizarrap, Nathy Peluso",2020-12-18,78SeXVRJ7KCqVmOwTiFjnI,"2,779",7
Vida de Rico,Camilo,2020-12-18,73nAK3HgQK8dak83Y2WQ8F,"2,699",8
Chica Ideal,"Sebastian Yatra, Guaynaa",2020-12-18,21N4Buj4xsyLb218lYle61,"2,669",9
Hawái,Maluma,2020-12-18,1yoMvmasuxZfqHEipJhRbp,"2,499",10
BEBÉ,"Camilo, El Alfa",2020-12-18,7D7EH7MGyNHWSkqrszerI1,"2,491",11
All I Want for Christmas Is You,Mariah Carey,2020-12-18,0bYg9bo50gSsH3LtXe2SQn,"2,418",12
A Un Paso De La Luna,"Ana Mena, Rocco Hunt",2020-12-18,7ql2RUmAmj36tkMUNWo7MT,"2,367",13
Bandido,"Myke Towers, Juhn",2020-12-18,1xK1Gg9SxG8fy2Ya373oqb,"2,219",14
Mi Niña,"Wisin, Myke Towers, Los Legendarios",2020-12-18,2bgcUk2A3jjKbCJ7KPquTi,"2,138",15
Reloj,"Rauw Alejandro, Anuel AA",2020-12-18,4loQgPwJHocL3dFwLfjb1J,"2,116",16
Relación - Remix,"Sech, Daddy Yankee, J Balvin, ROSALÍA, Farruko",2020-12-18,35UUpTmrcFXNIVIN26ujXl,"2,024",17
Despeinada,"Ozuna, Camilo",2020-12-18,0JAZWvvqttGFm4UMDsPQXC,"1,993",18
Una Locura,"Ozuna, J Balvin, Chencho Corleone",2020-12-18,5y7DaS3jAc9eZzcSOoUIwU,"1,933",19
TE MUDASTE,Bad Bunny,2020-12-18,5RubKOuDoPn5Kj5TLVxSxY,"1,785",20
Problemas,Paris Boy,2020-12-18,2aQJOc2QUTdQl1J2Z9VxYO,"1,763",21
Demasiadas Mujeres,C. Tangana,2020-12-18,2iUz95Osgl4fFZbNJ0xuoD,"1,718",22
Blinding Lights,The Weeknd,2020-12-18,0VjIjW4GlUZAMYd2vXMi3b,"1,693",23
"La Curiosidad (feat. Dj Nelson, Jhay Cortez, Lunay & Kendo Kaponi) - Blue Grand Prix Remix","Jay Wheeler, Myke Towers, Rauw Alejandro",2020-12-18,7LE1K0lZyRFZjSlrnm7lfD,"1,691",24
Tattoo - Remix with Camilo,Rauw Alejandro,2020-12-18,4G3PTss3mU33Tau7t4KbwE,"1,678",25
Mood (feat. iann dior),24kGoldn,2020-12-18,3tjFYV6RSFtuktYl3ZtYcq,"1,642",26
La Curiosidad,"Jay Wheeler, DJ Nelson, Myke Towers",2020-12-18,4HYDUMY0xSpeBr0AMY9cUz,"1,640",27
Last Christmas,Wham!,2020-12-18,2FRnf9qhLbvw8fu4IBXx78,"1,617",28
La Luz,"Sech, J Balvin",2020-12-18,5zj8WNkBrEzlI5FKeYV4ol,"1,616",29
Polvo,"Nicky Jam, Myke Towers",2020-12-18,68mrW6gXHgupgSiDHgaDi5,"1,582",30
Entre tú y yo,Chema Rivas,2020-12-18,2nleoafEjZ3h1NUtkz6i1X,"1,572",31
La Tóxica,Farruko,2020-12-18,15OjBeqNX3bShsGYQbteRv,"1,554",32
Del Mar,"Ozuna, Doja Cat, Sia",2020-12-18,5cpJFiNwYyWwFLH0V6B3N8,"1,510",33
Motorola,Morad,2020-12-18,3XkPX66UVP2FhtnvJBzpl1,"1,500",34
Snowman,Sia,2020-12-18,7uoFMmxln0GPXQ0AcCBXRq,"1,433",35
Jingle Bell Rock,Bobby Helms,2020-12-18,7vQbuQcyTflfCIOu3Uzzya,"1,390",36
UN DIA (ONE DAY) (Feat. Tainy),"J Balvin, Dua Lipa, Bad Bunny",2020-12-18,0EhpEsp4L0oRGM0vmeaN5e,"1,347",37
Tusa,"KAROL G, Nicki Minaj",2020-12-18,7k4t7uLgtOxPwTpFmtJNTY,"1,346",38
Caramelo,Ozuna,2020-12-18,5Jm4w8jmPEBTLjI9vH4fXo,"1,330",39
Rockin' Around The Christmas Tree,Brenda Lee,2020-12-18,2EjXfH91m7f8HiJN1yQg97,"1,296",40
Santa Tell Me,Ariana Grande,2020-12-18,0lizgQ7Qw35od7CYaoMBZb,"1,257",41
Yo No Voy,Morad,2020-12-18,2tuL5CiDgPwwJXTFxUlfpX,"1,249",42
De Cora <3,"Rauw Alejandro, J Balvin",2020-12-18,22Sh5dlwbERqJAq1fZk5b2,"1,240",43
Lonely (with benny blanco),Justin Bieber,2020-12-18,4y4spB9m0Q6026KfkAvy9Q,"1,233",44
Mamichula - con Nicki Nicole,"Trueno, Bizarrap, Taiu, TATOOL",2020-12-18,0TUW9faHNaBmi89wsYGp9y,"1,224",45
It's Beginning to Look a Lot like Christmas,Michael Bublé,2020-12-18,0lLdorYw7lVrJydTINhWdI,"1,163",46
Se Te Nota (with Guaynaa),Lele Pons,2020-12-18,11EnQRgRMJwMAesfkB5pnu,"1,154",47
Jeans,Justin Quiles,2020-12-18,3GtnId3Cm1Xa6joCj08nzW,"1,153",48
YO VISTO ASÍ,Bad Bunny,2020-12-18,5fROvzNghPid8mbKNDYvpJ,"1,142",49
Jerusalema (feat. Nomcebo Zikode),Master KG,2020-12-18,2MlOUXmcofMackX3bxfSwi,"1,127",50
"Ay, DiOs Mío!",KAROL G,2020-12-18,7x4ASXYEKfQBCewcZhK776,"1,117",51
Blin Blin,"Bad Gyal, Juanka",2020-12-18,5u5S7D8NaQzyKkdU4duHJR,"1,084",52
It's the Most Wonderful Time of the Year,Andy Williams,2020-12-18,1IcR6RlgvDczfvoWJSSY2A,"1,084",53
Parce (feat. Justin Quiles),"Maluma, Lenny Tavárez",2020-12-18,4RJz8NfIe09gpKMiRUWKhJ,"1,074",54
Head & Heart (feat. MNEK),Joel Corry,2020-12-18,6cx06DFPPHchuUAcTxznu9,"1,059",55
Dynamite,BTS,2020-12-18,4saklk6nie3yiGePpBwUoc,"1,055",56
Ayer Me Llamó Mi Ex (feat. Lenny Santos),KHEA,2020-12-18,6C6mUonH6MNdSg5pw7kOc9,"1,033",57
11 RAZONES,Aitana,2020-12-18,4qEHMJyER7OntYTtPsIT1W,"1,033",58
Watermelon Sugar,Harry Styles,2020-12-18,6UelLqGlWMcVH1E5c4H7lY,"1,032",59
"Lemonade (feat. Gunna, Don Toliver & NAV)",Internet Money,2020-12-18,7hxHWCCAIIxFLCzvDgnQHX,"1,013",60
Mi Cuarto,Jerry Di,2020-12-18,6fmQjRuo7XvRFCK2qex5hQ,"1,012",61
GIRL LIKE ME,"Black Eyed Peas, Shakira",2020-12-18,2vBET2pmrQqafaS6zIaYta,"1,005",62
Feliz Navidad,José Feliciano,2020-12-18,3qCeq0rWK67SoBDgFd2sId,"1,002",63
DÁKITI,"Bad Bunny, Jhay Cortez",2020-12-25,4MzXwWMhyBbmu6hOcLVD49,"6,761",1
LA NOCHE DE ANOCHE,"Bad Bunny, ROSALÍA",2020-12-25,2XIc1pqjXV3Cr2BQUGNBck,"4,680",2
Tú Me Dejaste De Querer,"C. Tangana, Niño de Elche, La Húngara",2020-12-25,0XinBYhf1X3kdvKQHOX971,"4,191",3
BICHOTA,KAROL G,2020-12-25,7vrJn5hDSXRmdXoR30KgF1,"3,546",4
Hecha Pa' Mi,Boza,2020-12-25,3VvA1wSxukMLsvXoXtlwWx,"3,324",5
La Nota,"Manuel Turizo, Rauw Alejandro, Myke Towers",2020-12-25,7ndTONDDRFGiPnnhOzOXxq,"3,038",6
Chica Ideal,"Sebastian Yatra, Guaynaa",2020-12-25,21N4Buj4xsyLb218lYle61,"2,841",7
Vida de Rico,Camilo,2020-12-25,73nAK3HgQK8dak83Y2WQ8F,"2,751",8
Bandido,"Myke Towers, Juhn",2020-12-25,1xK1Gg9SxG8fy2Ya373oqb,"2,622",9
"Nathy Peluso: Bzrp Music Sessions, Vol. 36","Bizarrap, Nathy Peluso",2020-12-25,78SeXVRJ7KCqVmOwTiFjnI,"2,517",10
Hawái,Maluma,2020-12-25,1yoMvmasuxZfqHEipJhRbp,"2,494",11
BEBÉ,"Camilo, El Alfa",2020-12-25,7D7EH7MGyNHWSkqrszerI1,"2,481",12
A Un Paso De La Luna,"Ana Mena, Rocco Hunt",2020-12-25,7ql2RUmAmj36tkMUNWo7MT,"2,208",13
Mi Niña,"Wisin, Myke Towers, Los Legendarios",2020-12-25,2bgcUk2A3jjKbCJ7KPquTi,"2,154",14
Reloj,"Rauw Alejandro, Anuel AA",2020-12-25,4loQgPwJHocL3dFwLfjb1J,"2,151",15
Relación - Remix,"Sech, Daddy Yankee, J Balvin, ROSALÍA, Farruko",2020-12-25,35UUpTmrcFXNIVIN26ujXl,"2,084",16
Despeinada,"Ozuna, Camilo",2020-12-25,0JAZWvvqttGFm4UMDsPQXC,"1,920",17
Una Locura,"Ozuna, J Balvin, Chencho Corleone",2020-12-25,5y7DaS3jAc9eZzcSOoUIwU,"1,918",18
Blinding Lights,The Weeknd,2020-12-25,0VjIjW4GlUZAMYd2vXMi3b,"1,775",19
La Luz,"Sech, J Balvin",2020-12-25,5zj8WNkBrEzlI5FKeYV4ol,"1,755",20
Snowman,Sia,2020-12-25,7uoFMmxln0GPXQ0AcCBXRq,"1,684",21
Tattoo - Remix with Camilo,Rauw Alejandro,2020-12-25,4G3PTss3mU33Tau7t4KbwE,"1,679",22
TE MUDASTE,Bad Bunny,2020-12-25,5RubKOuDoPn5Kj5TLVxSxY,"1,666",23
Polvo,"Nicky Jam, Myke Towers",2020-12-25,68mrW6gXHgupgSiDHgaDi5,"1,649",24
Mood (feat. iann dior),24kGoldn,2020-12-25,3tjFYV6RSFtuktYl3ZtYcq,"1,590",25
Problemas,Paris Boy,2020-12-25,2aQJOc2QUTdQl1J2Z9VxYO,"1,587",26
La Tóxica,Farruko,2020-12-25,15OjBeqNX3bShsGYQbteRv,"1,579",27
All I Want for Christmas Is You,Mariah Carey,2020-12-25,0bYg9bo50gSsH3LtXe2SQn,"1,578",28
La Curiosidad,"Jay Wheeler, DJ Nelson, Myke Towers",2020-12-25,4HYDUMY0xSpeBr0AMY9cUz,"1,505",29
Entre tú y yo,Chema Rivas,2020-12-25,2nleoafEjZ3h1NUtkz6i1X,"1,496",30
Del Mar,"Ozuna, Doja Cat, Sia",2020-12-25,5cpJFiNwYyWwFLH0V6B3N8,"1,487",31
Demasiadas Mujeres,C. Tangana,2020-12-25,2iUz95Osgl4fFZbNJ0xuoD,"1,471",32
Motorola,Morad,2020-12-25,3XkPX66UVP2FhtnvJBzpl1,"1,466",33
"La Curiosidad (feat. Dj Nelson, Jhay Cortez, Lunay & Kendo Kaponi) - Blue Grand Prix Remix","Jay Wheeler, Myke Towers, Rauw Alejandro",2020-12-25,7LE1K0lZyRFZjSlrnm7lfD,"1,412",34
Caramelo,Ozuna,2020-12-25,5Jm4w8jmPEBTLjI9vH4fXo,"1,400",35
Tusa,"KAROL G, Nicki Minaj",2020-12-25,7k4t7uLgtOxPwTpFmtJNTY,"1,390",36
De Cora <3,"Rauw Alejandro, J Balvin",2020-12-25,22Sh5dlwbERqJAq1fZk5b2,"1,288",37
"Ay, DiOs Mío!",KAROL G,2020-12-25,7x4ASXYEKfQBCewcZhK776,"1,240",38
Lonely (with benny blanco),Justin Bieber,2020-12-25,4y4spB9m0Q6026KfkAvy9Q,"1,180",39
Jerusalema (feat. Nomcebo Zikode),Master KG,2020-12-25,2MlOUXmcofMackX3bxfSwi,"1,163",40
Watermelon Sugar,Harry Styles,2020-12-25,6UelLqGlWMcVH1E5c4H7lY,"1,157",41
UN DIA (ONE DAY) (Feat. Tainy),"J Balvin, Dua Lipa, Bad Bunny",2020-12-25,0EhpEsp4L0oRGM0vmeaN5e,"1,141",42
Se Te Nota (with Guaynaa),Lele Pons,2020-12-25,11EnQRgRMJwMAesfkB5pnu,"1,120",43
Blin Blin,"Bad Gyal, Juanka",2020-12-25,5u5S7D8NaQzyKkdU4duHJR,"1,119",44
"Lemonade (feat. Gunna, Don Toliver & NAV)",Internet Money,2020-12-25,7hxHWCCAIIxFLCzvDgnQHX,"1,116",45
GIRL LIKE ME,"Black Eyed Peas, Shakira",2020-12-25,2vBET2pmrQqafaS6zIaYta,"1,116",46
Jeans,Justin Quiles,2020-12-25,3GtnId3Cm1Xa6joCj08nzW,"1,109",47
Last Christmas,Wham!,2020-12-25,2FRnf9qhLbvw8fu4IBXx78,"1,108",48
Parce (feat. Justin Quiles),"Maluma, Lenny Tavárez",2020-12-25,4RJz8NfIe09gpKMiRUWKhJ,"1,103",49
Favorito,Camilo,2020-12-25,0jT8Nl0shPS8115is0wD2Q,"1,085",50
Mamichula - con Nicki Nicole,"Trueno, Bizarrap, Taiu, TATOOL",2020-12-25,0TUW9faHNaBmi89wsYGp9y,"1,078",51
Yo No Voy,Morad,2020-12-25,2tuL5CiDgPwwJXTFxUlfpX,"1,048",52
Dance Monkey,Tones And I,2020-12-25,1rgnBhdG2JDFTbYkYRZAku,"1,034",53
positions,Ariana Grande,2020-12-25,35mvY5S1H3J2QZyna3TFe0,"1,029",54
Ponte Pa' Mi,Justin Quiles,2020-12-25,4C6BlqqMwjFzOXzqpTeoWR,"1,023",55
